feature,mean_importance
Ethnicity,-0.00018237437896624354
Abortion Edit Indicator,1.5953723367101436e-05
Payment Typology 2,0.0006037868418959369
Payment Typology 1,0.0008299455984279502
Payment Typology 3,0.0025064536692214422
Gender,0.0025873670774264057
APR Severity of Illness Description,0.002602436549270426
Length of Stay,0.0028402764375467402
APR Risk of Mortality,0.004344304248446495
Race,0.004790833914846337
Health Service Area,0.005503766390231657
Patient Disposition,0.005553293925214697
APR Severity of Illness Code,0.0062842804405981
Total Costs,0.006453542974642723
APR DRG Code,0.006710894445471527
Facility Id,0.008372193225337266
CCS Procedure Description,0.008675065947609594
Total Charges,0.011131743242763125
Zip Code - 3 digits,0.011663444477322937
Facility Name,0.01440444475628463
Operating Certificate Number,0.01809444344740423
APR MDC Code,0.018208002633635
APR DRG Description,0.02027585143047478
CCS Diagnosis Description,0.023904712807048634
Hospital County,0.02943910063909171
CCS Procedure Code,0.032636854444442184
Age Group,0.03327799527153351
CCS Diagnosis Code,0.044254967084251286
APR Medical Surgical Description,0.08347611075996833
APR MDC Description,0.17074461345601324
Birth Weight,0.48643675959414584
Emergency Department Indicator,1.419088592753757
