feature,mean_importance
Hospital County,-1.531788420886526e-05
Payment Typology 3,2.2204460492503132e-17
Health Service Area,3.3306690738754695e-17
APR Risk of Mortality,3.3306690738754695e-17
Ethnicity,3.3306690738754695e-17
Gender,3.3306690738754695e-17
CCS Procedure Description,3.3306690738754695e-17
Age Group,4.4408920985006264e-17
Abortion Edit Indicator,4.4408920985006264e-17
Payment Typology 2,4.4408920985006264e-17
Length of Stay,4.4408920985006264e-17
Patient Disposition,4.4408920985006264e-17
Payment Typology 1,4.4408920985006264e-17
APR Severity of Illness Description,4.4408920985006264e-17
APR Severity of Illness Code,5.551115123125783e-17
Total Costs,5.551115123125783e-17
Race,5.551115123125783e-17
Facility Name,6.337782305887441e-06
Total Charges,0.00027713556779522807
Zip Code - 3 digits,0.0003609168251684336
APR MDC Code,0.0010397025919974157
APR DRG Code,0.00107539262968932
Operating Certificate Number,0.0014582316951611274
APR DRG Description,0.002121557296072585
CCS Procedure Code,0.005683757086948027
Facility Id,0.007954661244270033
CCS Diagnosis Description,0.029519837365399614
APR MDC Description,0.04939335302810044
APR Medical Surgical Description,0.07339301800772967
CCS Diagnosis Code,0.09923926310452166
Emergency Department Indicator,0.8250694764993837
Birth Weight,0.9739859234001484
