feature,shap_importance
Emergency Department Indicator,0.6849638641373492
Birth Weight,0.22160671384531938
APR Medical Surgical Description,0.12592893293082483
APR MDC Description,0.08324260722319202
CCS Diagnosis Code,0.05672596478105603
CCS Diagnosis Description,0.023407439643834377
CCS Procedure Code,0.015841525995051446
Facility Id,0.008096818342154038
Operating Certificate Number,0.00444261396459884
APR DRG Description,0.003487830713831603
APR DRG Code,0.003149153375646602
APR MDC Code,0.002909207774755828
Total Charges,0.0012833672578910441
Zip Code - 3 digits,0.001191025816666364
Hospital County,0.00021713358723816965
Facility Name,2.688584338532574e-05
Payment Typology 2,0.0
APR Risk of Mortality,0.0
Abortion Edit Indicator,0.0
Payment Typology 1,0.0
Payment Typology 3,0.0
Health Service Area,0.0
APR Severity of Illness Description,0.0
APR Severity of Illness Code,0.0
CCS Procedure Description,0.0
Patient Disposition,0.0
Length of Stay,0.0
Ethnicity,0.0
Race,0.0
Gender,0.0
Age Group,0.0
Total Costs,0.0
