{
    "uid": "2f4442aa-f30f-43bd-996f-21d80d0fad5e",
    "name": "4_Default_Xgboost",
    "preprocessing": [
        {
            "missing_values": [
                {
                    "fill_method": "na_fill_median",
                    "fill_params": {
                        "NOX": 0.538,
                        "MEDV": 21.0
                    },
                    "datetime_columns": []
                }
            ],
            "scale_y": {
                "scale": [
                    27.45685851496352
                ],
                "mean": [
                    68.97889182058047
                ],
                "var": [
                    753.8790795107248
                ],
                "n_samples_seen": 379,
                "n_features_in": 1,
                "columns": [
                    "target"
                ],
                "scale_method": "scale_normal"
            },
            "ml_task": "regression",
            "params": {
                "columns_preprocessing": {
                    "NOX": [
                        "na_fill_median"
                    ],
                    "MEDV": [
                        "na_fill_median"
                    ]
                },
                "target_preprocessing": [
                    "na_exclude",
                    "scale_normal"
                ],
                "ml_task": "regression"
            }
        }
    ],
    "learners": [
        {
            "library_version": "1.6.2",
            "algorithm_name": "Extreme Gradient Boosting",
            "algorithm_short_name": "Xgboost",
            "uid": "c2326c56-1bf9-4636-ab2b-75c542991cc7",
            "params": {
                "model_type": "Xgboost",
                "ml_task": "regression",
                "n_jobs": -1,
                "objective": "reg:squarederror",
                "eta": 0.075,
                "max_depth": 6,
                "min_child_weight": 1,
                "subsample": 1.0,
                "colsample_bytree": 1.0,
                "seed": 4,
                "eval_metric": "rmse",
                "explain_level": 2
            },
            "name": "learner_fold_0",
            "best_ntree_limit": 57
        }
    ],
    "params": {
        "additional": {
            "max_rounds": 10000,
            "early_stopping_rounds": 50,
            "max_rows_limit": null,
            "max_cols_limit": null
        },
        "preprocessing": {
            "columns_preprocessing": {
                "NOX": [
                    "na_fill_median"
                ],
                "MEDV": [
                    "na_fill_median"
                ]
            },
            "target_preprocessing": [
                "na_exclude",
                "scale_normal"
            ],
            "ml_task": "regression"
        },
        "validation_strategy": {
            "validation_type": "split",
            "train_ratio": 0.75,
            "shuffle": true,
            "X_path": "sparcs_regression/X.data",
            "y_path": "sparcs_regression/y.data",
            "results_path": "sparcs_regression"
        },
        "learner": {
            "model_type": "Xgboost",
            "ml_task": "regression",
            "n_jobs": -1,
            "objective": "reg:squarederror",
            "eta": 0.075,
            "max_depth": 6,
            "min_child_weight": 1,
            "subsample": 1.0,
            "colsample_bytree": 1.0,
            "seed": 4,
            "eval_metric": "rmse",
            "explain_level": 2
        },
        "automl_random_state": 1234,
        "ml_task": "regression",
        "explain_level": 2,
        "name": "4_Default_Xgboost",
        "status": "initialized",
        "final_loss": null,
        "train_time": null,
        "data_type": "original",
        "max_time_for_learner": 360.0
    },
    "saved": [
        "4_Default_Xgboost/learner_fold_0.xgboost"
    ],
    "predictions_fname": "4_Default_Xgboost/predictions_validation.csv",
    "metric_name": "rmse",
    "final_loss": 13.683387857767833,
    "train_time": 5.630656957626343,
    "is_stacked": false
}