{
    "fit_level": "finished",
    "time_controller": {
        "total_time_limit": 3600,
        "model_time_limit": null,
        "steps": [
            "simple_algorithms",
            "default_algorithms",
            "ensemble"
        ],
        "algorithms": [
            "Baseline",
            "Decision Tree",
            "Random Forest",
            "Xgboost",
            "Neural Network"
        ],
        "spend": [
            {
                "model_name": "prepare_data",
                "model_type": "prepare_data",
                "fit_level": "prepare_data",
                "train_time": 1.0964765548706055
            },
            {
                "model_name": "1_Baseline",
                "model_type": "Baseline",
                "fit_level": "simple_algorithms",
                "train_time": 0.7093424797058105
            },
            {
                "model_name": "2_DecisionTree",
                "model_type": "Decision Tree",
                "fit_level": "simple_algorithms",
                "train_time": 26.95671057701111
            },
            {
                "model_name": "3_Default_Xgboost",
                "model_type": "Xgboost",
                "fit_level": "default_algorithms",
                "train_time": 60.95037221908569
            },
            {
                "model_name": "4_Default_NeuralNetwork",
                "model_type": "Neural Network",
                "fit_level": "default_algorithms",
                "train_time": 8.77642273902893
            },
            {
                "model_name": "5_Default_RandomForest",
                "model_type": "Random Forest",
                "fit_level": "default_algorithms",
                "train_time": 31.48361897468567
            },
            {
                "model_name": "Ensemble",
                "model_type": "Ensemble",
                "fit_level": "ensemble",
                "train_time": 0.60013747215271
            }
        ],
        "is_hill_climbing": false,
        "is_stacking": false
    },
    "all_params": {
        "simple_algorithms": [
            {
                "additional": {
                    "max_steps": 1,
                    "max_rows_limit": null,
                    "max_cols_limit": null
                },
                "preprocessing": {
                    "columns_preprocessing": {
                        "Discharge Year": [
                            "remove_column"
                        ]
                    },
                    "target_preprocessing": [
                        "na_exclude",
                        "categorical_to_int"
                    ],
                    "ml_task": "multiclass_classification"
                },
                "validation_strategy": {
                    "validation_type": "split",
                    "train_ratio": 0.75,
                    "shuffle": true,
                    "stratify": true,
                    "X_path": "sparcs_classification/X.data",
                    "y_path": "sparcs_classification/y.data",
                    "results_path": "sparcs_classification"
                },
                "learner": {
                    "model_type": "Baseline",
                    "ml_task": "multiclass_classification",
                    "n_jobs": -1,
                    "seed": 1235,
                    "num_class": 6,
                    "explain_level": 2
                },
                "automl_random_state": 1234,
                "ml_task": "multiclass_classification",
                "explain_level": 2,
                "name": "1_Baseline",
                "status": "trained",
                "final_loss": 1.0470506282623717,
                "train_time": 1.427269458770752,
                "data_type": "original",
                "max_time_for_learner": 360.0
            },
            {
                "additional": {
                    "trees_in_step": 1,
                    "train_cant_improve_limit": 0,
                    "max_steps": 1,
                    "max_rows_limit": null,
                    "max_cols_limit": null
                },
                "preprocessing": {
                    "columns_preprocessing": {
                        "Health Service Area": [
                            "na_fill_median",
                            "categorical_to_int"
                        ],
                        "Hospital County": [
                            "na_fill_median",
                            "categorical_to_int"
                        ],
                        "Operating Certificate Number": [
                            "na_fill_median"
                        ],
                        "Facility Id": [
                            "na_fill_median"
                        ],
                        "Facility Name": [
                            "categorical_to_int"
                        ],
                        "Age Group": [
                            "categorical_to_int"
                        ],
                        "Zip Code - 3 digits": [
                            "na_fill_median",
                            "categorical_to_int"
                        ],
                        "Gender": [
                            "categorical_to_int"
                        ],
                        "Race": [
                            "categorical_to_int"
                        ],
                        "Ethnicity": [
                            "categorical_to_int"
                        ],
                        "Length of Stay": [
                            "categorical_to_int"
                        ],
                        "Patient Disposition": [
                            "categorical_to_int"
                        ],
                        "Discharge Year": [
                            "remove_column"
                        ],
                        "CCS Diagnosis Description": [
                            "categorical_to_int"
                        ],
                        "CCS Procedure Description": [
                            "categorical_to_int"
                        ],
                        "APR DRG Description": [
                            "categorical_to_int"
                        ],
                        "APR MDC Description": [
                            "categorical_to_int"
                        ],
                        "APR Severity of Illness Description": [
                            "na_fill_median",
                            "categorical_to_int"
                        ],
                        "APR Risk of Mortality": [
                            "na_fill_median",
                            "categorical_to_int"
                        ],
                        "APR Medical Surgical Description": [
                            "categorical_to_int"
                        ],
                        "Payment Typology 1": [
                            "categorical_to_int"
                        ],
                        "Payment Typology 2": [
                            "na_fill_median",
                            "categorical_to_int"
                        ],
                        "Payment Typology 3": [
                            "na_fill_median",
                            "categorical_to_int"
                        ],
                        "Abortion Edit Indicator": [
                            "categorical_to_int"
                        ],
                        "Emergency Department Indicator": [
                            "categorical_to_int"
                        ]
                    },
                    "target_preprocessing": [
                        "na_exclude",
                        "categorical_to_int"
                    ],
                    "ml_task": "multiclass_classification"
                },
                "validation_strategy": {
                    "validation_type": "split",
                    "train_ratio": 0.75,
                    "shuffle": true,
                    "stratify": true,
                    "X_path": "sparcs_classification/X.data",
                    "y_path": "sparcs_classification/y.data",
                    "results_path": "sparcs_classification"
                },
                "learner": {
                    "model_type": "Decision Tree",
                    "ml_task": "multiclass_classification",
                    "n_jobs": -1,
                    "seed": 1235,
                    "criterion": "gini",
                    "max_depth": 3,
                    "num_class": 6,
                    "explain_level": 2
                },
                "automl_random_state": 1234,
                "ml_task": "multiclass_classification",
                "explain_level": 2,
                "name": "2_DecisionTree",
                "status": "trained",
                "final_loss": 0.37617900626652334,
                "train_time": 28.17358136177063,
                "data_type": "original",
                "max_time_for_learner": 360.0
            }
        ],
        "default_algorithms": [
            {
                "additional": {
                    "max_rounds": 10000,
                    "early_stopping_rounds": 50,
                    "max_rows_limit": null,
                    "max_cols_limit": null
                },
                "preprocessing": {
                    "columns_preprocessing": {
                        "Health Service Area": [
                            "na_fill_median",
                            "categorical_to_int"
                        ],
                        "Hospital County": [
                            "na_fill_median",
                            "categorical_to_int"
                        ],
                        "Operating Certificate Number": [
                            "na_fill_median"
                        ],
                        "Facility Id": [
                            "na_fill_median"
                        ],
                        "Facility Name": [
                            "categorical_to_int"
                        ],
                        "Age Group": [
                            "categorical_to_int"
                        ],
                        "Zip Code - 3 digits": [
                            "na_fill_median",
                            "categorical_to_int"
                        ],
                        "Gender": [
                            "categorical_to_int"
                        ],
                        "Race": [
                            "categorical_to_int"
                        ],
                        "Ethnicity": [
                            "categorical_to_int"
                        ],
                        "Length of Stay": [
                            "categorical_to_int"
                        ],
                        "Patient Disposition": [
                            "categorical_to_int"
                        ],
                        "Discharge Year": [
                            "remove_column"
                        ],
                        "CCS Diagnosis Description": [
                            "categorical_to_int"
                        ],
                        "CCS Procedure Description": [
                            "categorical_to_int"
                        ],
                        "APR DRG Description": [
                            "categorical_to_int"
                        ],
                        "APR MDC Description": [
                            "categorical_to_int"
                        ],
                        "APR Severity of Illness Description": [
                            "na_fill_median",
                            "categorical_to_int"
                        ],
                        "APR Risk of Mortality": [
                            "na_fill_median",
                            "categorical_to_int"
                        ],
                        "APR Medical Surgical Description": [
                            "categorical_to_int"
                        ],
                        "Payment Typology 1": [
                            "categorical_to_int"
                        ],
                        "Payment Typology 2": [
                            "na_fill_median",
                            "categorical_to_int"
                        ],
                        "Payment Typology 3": [
                            "na_fill_median",
                            "categorical_to_int"
                        ],
                        "Abortion Edit Indicator": [
                            "categorical_to_int"
                        ],
                        "Emergency Department Indicator": [
                            "categorical_to_int"
                        ]
                    },
                    "target_preprocessing": [
                        "na_exclude",
                        "categorical_to_int"
                    ],
                    "ml_task": "multiclass_classification"
                },
                "validation_strategy": {
                    "validation_type": "split",
                    "train_ratio": 0.75,
                    "shuffle": true,
                    "stratify": true,
                    "X_path": "sparcs_classification/X.data",
                    "y_path": "sparcs_classification/y.data",
                    "results_path": "sparcs_classification"
                },
                "learner": {
                    "model_type": "Xgboost",
                    "ml_task": "multiclass_classification",
                    "n_jobs": -1,
                    "objective": "multi:softprob",
                    "eta": 0.075,
                    "max_depth": 6,
                    "min_child_weight": 1,
                    "subsample": 1.0,
                    "colsample_bytree": 1.0,
                    "seed": 3,
                    "eval_metric": "mlogloss",
                    "num_class": 6,
                    "explain_level": 2
                },
                "automl_random_state": 1234,
                "ml_task": "multiclass_classification",
                "explain_level": 2,
                "name": "3_Default_Xgboost",
                "status": "trained",
                "final_loss": 0.2219336411619609,
                "train_time": 62.22360706329346,
                "data_type": "original",
                "max_time_for_learner": 360.0
            },
            {
                "additional": {
                    "max_rows_limit": null,
                    "max_cols_limit": null
                },
                "preprocessing": {
                    "columns_preprocessing": {
                        "Health Service Area": [
                            "na_fill_median",
                            "categorical_to_int",
                            "scale_normal"
                        ],
                        "Hospital County": [
                            "na_fill_median",
                            "categorical_to_int",
                            "scale_normal"
                        ],
                        "Operating Certificate Number": [
                            "na_fill_median",
                            "scale_normal"
                        ],
                        "Facility Id": [
                            "na_fill_median",
                            "scale_normal"
                        ],
                        "Facility Name": [
                            "categorical_to_int",
                            "scale_normal"
                        ],
                        "Age Group": [
                            "categorical_to_int",
                            "scale_normal"
                        ],
                        "Zip Code - 3 digits": [
                            "na_fill_median",
                            "categorical_to_int",
                            "scale_normal"
                        ],
                        "Gender": [
                            "categorical_to_int",
                            "scale_normal"
                        ],
                        "Race": [
                            "categorical_to_int",
                            "scale_normal"
                        ],
                        "Ethnicity": [
                            "categorical_to_int",
                            "scale_normal"
                        ],
                        "Length of Stay": [
                            "categorical_to_int",
                            "scale_normal"
                        ],
                        "Patient Disposition": [
                            "categorical_to_int",
                            "scale_normal"
                        ],
                        "Discharge Year": [
                            "remove_column"
                        ],
                        "CCS Diagnosis Code": [
                            "scale_normal"
                        ],
                        "CCS Diagnosis Description": [
                            "categorical_to_int",
                            "scale_normal"
                        ],
                        "CCS Procedure Code": [
                            "scale_normal"
                        ],
                        "CCS Procedure Description": [
                            "categorical_to_int",
                            "scale_normal"
                        ],
                        "APR DRG Code": [
                            "scale_normal"
                        ],
                        "APR DRG Description": [
                            "categorical_to_int",
                            "scale_normal"
                        ],
                        "APR MDC Code": [
                            "scale_normal"
                        ],
                        "APR MDC Description": [
                            "categorical_to_int",
                            "scale_normal"
                        ],
                        "APR Severity of Illness Code": [
                            "scale_normal"
                        ],
                        "APR Severity of Illness Description": [
                            "na_fill_median",
                            "categorical_to_int",
                            "scale_normal"
                        ],
                        "APR Risk of Mortality": [
                            "na_fill_median",
                            "categorical_to_int",
                            "scale_normal"
                        ],
                        "APR Medical Surgical Description": [
                            "categorical_to_int",
                            "scale_normal"
                        ],
                        "Payment Typology 1": [
                            "categorical_to_int",
                            "scale_normal"
                        ],
                        "Payment Typology 2": [
                            "na_fill_median",
                            "categorical_to_int",
                            "scale_normal"
                        ],
                        "Payment Typology 3": [
                            "na_fill_median",
                            "categorical_to_int",
                            "scale_normal"
                        ],
                        "Birth Weight": [
                            "scale_normal"
                        ],
                        "Abortion Edit Indicator": [
                            "categorical_to_int",
                            "scale_normal"
                        ],
                        "Emergency Department Indicator": [
                            "categorical_to_int",
                            "scale_normal"
                        ],
                        "Total Charges": [
                            "scale_normal"
                        ],
                        "Total Costs": [
                            "scale_normal"
                        ]
                    },
                    "target_preprocessing": [
                        "na_exclude",
                        "categorical_to_int"
                    ],
                    "ml_task": "multiclass_classification"
                },
                "validation_strategy": {
                    "validation_type": "split",
                    "train_ratio": 0.75,
                    "shuffle": true,
                    "stratify": true,
                    "X_path": "sparcs_classification/X.data",
                    "y_path": "sparcs_classification/y.data",
                    "results_path": "sparcs_classification"
                },
                "learner": {
                    "model_type": "Neural Network",
                    "ml_task": "multiclass_classification",
                    "n_jobs": -1,
                    "dense_1_size": 32,
                    "dense_2_size": 16,
                    "learning_rate": 0.05,
                    "seed": 4,
                    "num_class": 6,
                    "explain_level": 2
                },
                "automl_random_state": 1234,
                "ml_task": "multiclass_classification",
                "explain_level": 2,
                "name": "4_Default_NeuralNetwork",
                "status": "trained",
                "final_loss": 0.3592387524325122,
                "train_time": 9.829927682876587,
                "data_type": "original",
                "max_time_for_learner": 360.0
            },
            {
                "additional": {
                    "trees_in_step": 100,
                    "train_cant_improve_limit": 1,
                    "min_steps": 1,
                    "max_steps": 50,
                    "early_stopping_rounds": 50,
                    "max_rows_limit": null,
                    "max_cols_limit": null
                },
                "preprocessing": {
                    "columns_preprocessing": {
                        "Health Service Area": [
                            "na_fill_median",
                            "categorical_to_int"
                        ],
                        "Hospital County": [
                            "na_fill_median",
                            "categorical_to_int"
                        ],
                        "Operating Certificate Number": [
                            "na_fill_median"
                        ],
                        "Facility Id": [
                            "na_fill_median"
                        ],
                        "Facility Name": [
                            "categorical_to_int"
                        ],
                        "Age Group": [
                            "categorical_to_int"
                        ],
                        "Zip Code - 3 digits": [
                            "na_fill_median",
                            "categorical_to_int"
                        ],
                        "Gender": [
                            "categorical_to_int"
                        ],
                        "Race": [
                            "categorical_to_int"
                        ],
                        "Ethnicity": [
                            "categorical_to_int"
                        ],
                        "Length of Stay": [
                            "categorical_to_int"
                        ],
                        "Patient Disposition": [
                            "categorical_to_int"
                        ],
                        "Discharge Year": [
                            "remove_column"
                        ],
                        "CCS Diagnosis Description": [
                            "categorical_to_int"
                        ],
                        "CCS Procedure Description": [
                            "categorical_to_int"
                        ],
                        "APR DRG Description": [
                            "categorical_to_int"
                        ],
                        "APR MDC Description": [
                            "categorical_to_int"
                        ],
                        "APR Severity of Illness Description": [
                            "na_fill_median",
                            "categorical_to_int"
                        ],
                        "APR Risk of Mortality": [
                            "na_fill_median",
                            "categorical_to_int"
                        ],
                        "APR Medical Surgical Description": [
                            "categorical_to_int"
                        ],
                        "Payment Typology 1": [
                            "categorical_to_int"
                        ],
                        "Payment Typology 2": [
                            "na_fill_median",
                            "categorical_to_int"
                        ],
                        "Payment Typology 3": [
                            "na_fill_median",
                            "categorical_to_int"
                        ],
                        "Abortion Edit Indicator": [
                            "categorical_to_int"
                        ],
                        "Emergency Department Indicator": [
                            "categorical_to_int"
                        ]
                    },
                    "target_preprocessing": [
                        "na_exclude",
                        "categorical_to_int"
                    ],
                    "ml_task": "multiclass_classification"
                },
                "validation_strategy": {
                    "validation_type": "split",
                    "train_ratio": 0.75,
                    "shuffle": true,
                    "stratify": true,
                    "X_path": "sparcs_classification/X.data",
                    "y_path": "sparcs_classification/y.data",
                    "results_path": "sparcs_classification"
                },
                "learner": {
                    "model_type": "Random Forest",
                    "ml_task": "multiclass_classification",
                    "n_jobs": -1,
                    "criterion": "gini",
                    "max_features": 0.9,
                    "min_samples_split": 30,
                    "max_depth": 4,
                    "seed": 5,
                    "eval_metric_name": "logloss",
                    "num_class": 6,
                    "explain_level": 2
                },
                "automl_random_state": 1234,
                "ml_task": "multiclass_classification",
                "explain_level": 2,
                "name": "5_Default_RandomForest",
                "status": "trained",
                "final_loss": 0.34361659245831144,
                "train_time": 32.73724126815796,
                "data_type": "original",
                "max_time_for_learner": 360.0
            }
        ],
        "ensemble": [
            {
                "model_type": "ensemble",
                "is_stacked": false,
                "name": "Ensemble",
                "status": "trained",
                "final_loss": 0.2219336411619609,
                "train_time": 0.60013747215271
            }
        ]
    },
    "adjust_validation": false
}