{
    "columns": [
        "CRIM",
        "ZN",
        "INDUS",
        "CHAS",
        "NOX",
        "RM",
        "DIS",
        "RAD",
        "TAX",
        "PTRATIO",
        "B",
        "LSTAT",
        "MEDV"
    ],
    "rows": 506,
    "cols": 13,
    "target_is_numeric": true,
    "columns_info": {
        "CRIM": [
            "scale"
        ],
        "ZN": [
            "scale"
        ],
        "INDUS": [
            "scale"
        ],
        "CHAS": [],
        "NOX": [
            "missing_values",
            "scale"
        ],
        "RM": [
            "scale"
        ],
        "DIS": [
            "scale"
        ],
        "RAD": [
            "scale"
        ],
        "TAX": [
            "scale"
        ],
        "PTRATIO": [
            "scale"
        ],
        "B": [
            "scale"
        ],
        "LSTAT": [
            "scale"
        ],
        "MEDV": [
            "missing_values",
            "scale"
        ]
    },
    "target_info": [
        "scale"
    ],
    "n_features": 13,
    "is_sample_weighted": false
}