{
    "fit_level": "finished",
    "time_controller": {
        "total_time_limit": 3600,
        "model_time_limit": null,
        "steps": [
            "simple_algorithms",
            "default_algorithms",
            "ensemble"
        ],
        "algorithms": [
            "Baseline",
            "Linear",
            "Decision Tree",
            "Random Forest",
            "Xgboost",
            "Neural Network"
        ],
        "spend": [
            {
                "model_name": "prepare_data",
                "model_type": "prepare_data",
                "fit_level": "prepare_data",
                "train_time": 0.040335655212402344
            },
            {
                "model_name": "1_Baseline",
                "model_type": "Baseline",
                "fit_level": "simple_algorithms",
                "train_time": 1.7372777462005615
            },
            {
                "model_name": "2_DecisionTree",
                "model_type": "Decision Tree",
                "fit_level": "simple_algorithms",
                "train_time": 4.204002141952515
            },
            {
                "model_name": "3_Linear",
                "model_type": "Linear",
                "fit_level": "simple_algorithms",
                "train_time": 2.734968662261963
            },
            {
                "model_name": "4_Default_Xgboost",
                "model_type": "Xgboost",
                "fit_level": "default_algorithms",
                "train_time": 5.630656957626343
            },
            {
                "model_name": "5_Default_NeuralNetwork",
                "model_type": "Neural Network",
                "fit_level": "default_algorithms",
                "train_time": 0.8438680171966553
            },
            {
                "model_name": "6_Default_RandomForest",
                "model_type": "Random Forest",
                "fit_level": "default_algorithms",
                "train_time": 7.328587532043457
            },
            {
                "model_name": "Ensemble",
                "model_type": "Ensemble",
                "fit_level": "ensemble",
                "train_time": 0.30436253547668457
            }
        ],
        "is_hill_climbing": false,
        "is_stacking": false
    },
    "all_params": {
        "simple_algorithms": [
            {
                "additional": {
                    "max_steps": 1,
                    "max_rows_limit": null,
                    "max_cols_limit": null
                },
                "preprocessing": {
                    "columns_preprocessing": {},
                    "target_preprocessing": [
                        "na_exclude"
                    ],
                    "ml_task": "regression"
                },
                "validation_strategy": {
                    "validation_type": "split",
                    "train_ratio": 0.75,
                    "shuffle": true,
                    "X_path": "sparcs_regression/X.data",
                    "y_path": "sparcs_regression/y.data",
                    "results_path": "sparcs_regression"
                },
                "learner": {
                    "model_type": "Baseline",
                    "ml_task": "regression",
                    "n_jobs": -1,
                    "seed": 1235,
                    "explain_level": 2
                },
                "automl_random_state": 1234,
                "ml_task": "regression",
                "explain_level": 2,
                "name": "1_Baseline",
                "status": "trained",
                "final_loss": 30.02668151783054,
                "train_time": 2.0879688262939453,
                "data_type": "original",
                "max_time_for_learner": 360.0
            },
            {
                "additional": {
                    "trees_in_step": 1,
                    "train_cant_improve_limit": 0,
                    "max_steps": 1,
                    "max_rows_limit": null,
                    "max_cols_limit": null
                },
                "preprocessing": {
                    "columns_preprocessing": {
                        "NOX": [
                            "na_fill_median"
                        ],
                        "MEDV": [
                            "na_fill_median"
                        ]
                    },
                    "target_preprocessing": [
                        "na_exclude"
                    ],
                    "ml_task": "regression"
                },
                "validation_strategy": {
                    "validation_type": "split",
                    "train_ratio": 0.75,
                    "shuffle": true,
                    "X_path": "sparcs_regression/X.data",
                    "y_path": "sparcs_regression/y.data",
                    "results_path": "sparcs_regression"
                },
                "learner": {
                    "model_type": "Decision Tree",
                    "ml_task": "regression",
                    "n_jobs": -1,
                    "seed": 1235,
                    "criterion": "mse",
                    "max_depth": 3,
                    "explain_level": 2
                },
                "automl_random_state": 1234,
                "ml_task": "regression",
                "explain_level": 2,
                "name": "2_DecisionTree",
                "status": "trained",
                "final_loss": 15.42888657011281,
                "train_time": 4.940827131271362,
                "data_type": "original",
                "max_time_for_learner": 360.0
            },
            {
                "additional": {
                    "max_steps": 1,
                    "max_rows_limit": null,
                    "max_cols_limit": null
                },
                "preprocessing": {
                    "columns_preprocessing": {
                        "CRIM": [
                            "scale_normal"
                        ],
                        "ZN": [
                            "scale_normal"
                        ],
                        "INDUS": [
                            "scale_normal"
                        ],
                        "NOX": [
                            "na_fill_median",
                            "scale_normal"
                        ],
                        "RM": [
                            "scale_normal"
                        ],
                        "DIS": [
                            "scale_normal"
                        ],
                        "RAD": [
                            "scale_normal"
                        ],
                        "TAX": [
                            "scale_normal"
                        ],
                        "PTRATIO": [
                            "scale_normal"
                        ],
                        "B": [
                            "scale_normal"
                        ],
                        "LSTAT": [
                            "scale_normal"
                        ],
                        "MEDV": [
                            "na_fill_median",
                            "scale_normal"
                        ]
                    },
                    "target_preprocessing": [
                        "na_exclude",
                        "scale_normal"
                    ],
                    "ml_task": "regression"
                },
                "validation_strategy": {
                    "validation_type": "split",
                    "train_ratio": 0.75,
                    "shuffle": true,
                    "X_path": "sparcs_regression/X.data",
                    "y_path": "sparcs_regression/y.data",
                    "results_path": "sparcs_regression"
                },
                "learner": {
                    "model_type": "Linear",
                    "ml_task": "regression",
                    "n_jobs": -1,
                    "seed": 1235,
                    "explain_level": 2
                },
                "automl_random_state": 1234,
                "ml_task": "regression",
                "explain_level": 2,
                "name": "3_Linear",
                "status": "trained",
                "final_loss": 17.14127926384372,
                "train_time": 3.486114501953125,
                "data_type": "original",
                "max_time_for_learner": 360.0
            }
        ],
        "default_algorithms": [
            {
                "additional": {
                    "max_rounds": 10000,
                    "early_stopping_rounds": 50,
                    "max_rows_limit": null,
                    "max_cols_limit": null
                },
                "preprocessing": {
                    "columns_preprocessing": {
                        "NOX": [
                            "na_fill_median"
                        ],
                        "MEDV": [
                            "na_fill_median"
                        ]
                    },
                    "target_preprocessing": [
                        "na_exclude",
                        "scale_normal"
                    ],
                    "ml_task": "regression"
                },
                "validation_strategy": {
                    "validation_type": "split",
                    "train_ratio": 0.75,
                    "shuffle": true,
                    "X_path": "sparcs_regression/X.data",
                    "y_path": "sparcs_regression/y.data",
                    "results_path": "sparcs_regression"
                },
                "learner": {
                    "model_type": "Xgboost",
                    "ml_task": "regression",
                    "n_jobs": -1,
                    "objective": "reg:squarederror",
                    "eta": 0.075,
                    "max_depth": 6,
                    "min_child_weight": 1,
                    "subsample": 1.0,
                    "colsample_bytree": 1.0,
                    "seed": 4,
                    "eval_metric": "rmse",
                    "explain_level": 2
                },
                "automl_random_state": 1234,
                "ml_task": "regression",
                "explain_level": 2,
                "name": "4_Default_Xgboost",
                "status": "trained",
                "final_loss": 13.683387857767833,
                "train_time": 6.410768032073975,
                "data_type": "original",
                "max_time_for_learner": 360.0
            },
            {
                "additional": {
                    "max_rows_limit": null,
                    "max_cols_limit": null
                },
                "preprocessing": {
                    "columns_preprocessing": {
                        "CRIM": [
                            "scale_normal"
                        ],
                        "ZN": [
                            "scale_normal"
                        ],
                        "INDUS": [
                            "scale_normal"
                        ],
                        "NOX": [
                            "na_fill_median",
                            "scale_normal"
                        ],
                        "RM": [
                            "scale_normal"
                        ],
                        "DIS": [
                            "scale_normal"
                        ],
                        "RAD": [
                            "scale_normal"
                        ],
                        "TAX": [
                            "scale_normal"
                        ],
                        "PTRATIO": [
                            "scale_normal"
                        ],
                        "B": [
                            "scale_normal"
                        ],
                        "LSTAT": [
                            "scale_normal"
                        ],
                        "MEDV": [
                            "na_fill_median",
                            "scale_normal"
                        ]
                    },
                    "target_preprocessing": [
                        "na_exclude",
                        "scale_normal"
                    ],
                    "ml_task": "regression"
                },
                "validation_strategy": {
                    "validation_type": "split",
                    "train_ratio": 0.75,
                    "shuffle": true,
                    "X_path": "sparcs_regression/X.data",
                    "y_path": "sparcs_regression/y.data",
                    "results_path": "sparcs_regression"
                },
                "learner": {
                    "model_type": "Neural Network",
                    "ml_task": "regression",
                    "n_jobs": -1,
                    "dense_1_size": 32,
                    "dense_2_size": 16,
                    "learning_rate": 0.05,
                    "seed": 5,
                    "explain_level": 2
                },
                "automl_random_state": 1234,
                "ml_task": "regression",
                "explain_level": 2,
                "name": "5_Default_NeuralNetwork",
                "status": "trained",
                "final_loss": 12.830056485403757,
                "train_time": 1.3880407810211182,
                "data_type": "original",
                "max_time_for_learner": 360.0
            },
            {
                "additional": {
                    "trees_in_step": 100,
                    "train_cant_improve_limit": 1,
                    "min_steps": 1,
                    "max_steps": 50,
                    "early_stopping_rounds": 50,
                    "max_rows_limit": null,
                    "max_cols_limit": null
                },
                "preprocessing": {
                    "columns_preprocessing": {
                        "NOX": [
                            "na_fill_median"
                        ],
                        "MEDV": [
                            "na_fill_median"
                        ]
                    },
                    "target_preprocessing": [
                        "na_exclude",
                        "scale_normal"
                    ],
                    "ml_task": "regression"
                },
                "validation_strategy": {
                    "validation_type": "split",
                    "train_ratio": 0.75,
                    "shuffle": true,
                    "X_path": "sparcs_regression/X.data",
                    "y_path": "sparcs_regression/y.data",
                    "results_path": "sparcs_regression"
                },
                "learner": {
                    "model_type": "Random Forest",
                    "ml_task": "regression",
                    "n_jobs": -1,
                    "criterion": "mse",
                    "max_features": 0.9,
                    "min_samples_split": 30,
                    "max_depth": 4,
                    "seed": 6,
                    "eval_metric_name": "rmse",
                    "explain_level": 2
                },
                "automl_random_state": 1234,
                "ml_task": "regression",
                "explain_level": 2,
                "name": "6_Default_RandomForest",
                "status": "trained",
                "final_loss": 14.250642417046048,
                "train_time": 8.11982274055481,
                "data_type": "original",
                "max_time_for_learner": 360.0
            }
        ],
        "ensemble": [
            {
                "model_type": "ensemble",
                "is_stacked": false,
                "name": "Ensemble",
                "status": "trained",
                "final_loss": 12.704008085713783,
                "train_time": 0.30436253547668457
            }
        ]
    },
    "adjust_validation": false
}