{
    "uid": "fa0c4cdc-46ba-4cf9-aeae-93d69dd1fb32",
    "name": "2_DecisionTree",
    "preprocessing": [
        {
            "missing_values": [
                {
                    "fill_method": "na_fill_median",
                    "fill_params": {
                        "NOX": 0.538,
                        "MEDV": 21.0
                    },
                    "datetime_columns": []
                }
            ],
            "ml_task": "regression",
            "params": {
                "columns_preprocessing": {
                    "NOX": [
                        "na_fill_median"
                    ],
                    "MEDV": [
                        "na_fill_median"
                    ]
                },
                "target_preprocessing": [
                    "na_exclude"
                ],
                "ml_task": "regression"
            }
        }
    ],
    "learners": [
        {
            "library_version": "1.0.2",
            "algorithm_name": "Decision Tree",
            "algorithm_short_name": "Decision Tree",
            "uid": "50e29a41-796e-4608-a0a1-1a3de8afbbae",
            "params": {
                "model_type": "Decision Tree",
                "ml_task": "regression",
                "n_jobs": -1,
                "seed": 1235,
                "criterion": "mse",
                "max_depth": 3,
                "explain_level": 2
            },
            "name": "learner_fold_0"
        }
    ],
    "params": {
        "additional": {
            "trees_in_step": 1,
            "train_cant_improve_limit": 0,
            "max_steps": 1,
            "max_rows_limit": null,
            "max_cols_limit": null
        },
        "preprocessing": {
            "columns_preprocessing": {
                "NOX": [
                    "na_fill_median"
                ],
                "MEDV": [
                    "na_fill_median"
                ]
            },
            "target_preprocessing": [
                "na_exclude"
            ],
            "ml_task": "regression"
        },
        "validation_strategy": {
            "validation_type": "split",
            "train_ratio": 0.75,
            "shuffle": true,
            "X_path": "sparcs_regression/X.data",
            "y_path": "sparcs_regression/y.data",
            "results_path": "sparcs_regression"
        },
        "learner": {
            "model_type": "Decision Tree",
            "ml_task": "regression",
            "n_jobs": -1,
            "seed": 1235,
            "criterion": "mse",
            "max_depth": 3,
            "explain_level": 2
        },
        "automl_random_state": 1234,
        "ml_task": "regression",
        "explain_level": 2,
        "name": "2_DecisionTree",
        "status": "initialized",
        "final_loss": null,
        "train_time": null,
        "data_type": "original",
        "max_time_for_learner": 360.0
    },
    "saved": [
        "2_DecisionTree/learner_fold_0.decision_tree"
    ],
    "predictions_fname": "2_DecisionTree/predictions_validation.csv",
    "metric_name": "rmse",
    "final_loss": 15.42888657011281,
    "train_time": 4.204002141952515,
    "is_stacked": false
}