feature,shap_importance
Emergency Department Indicator,5.017807
Birth Weight,2.93821
CCS Diagnosis Code,1.6852063
APR MDC Description,1.4547485
CCS Diagnosis Description,1.432873
Facility Name,1.2472444
Facility Id,1.1867123
Total Costs,1.0037813
Operating Certificate Number,0.9217848
Total Charges,0.8698112
Hospital County,0.77959055
Length of Stay,0.7617972
CCS Procedure Description,0.6630772
Zip Code - 3 digits,0.6249465
Payment Typology 1,0.56945205
Gender,0.54660827
APR DRG Description,0.5453946
CCS Procedure Code,0.5345766
APR Medical Surgical Description,0.509049
APR MDC Code,0.4323955
APR Severity of Illness Code,0.3887244
Patient Disposition,0.34923965
APR DRG Code,0.32358104
Payment Typology 2,0.3217027
Age Group,0.31625444
Health Service Area,0.18224598
Race,0.16782963
APR Risk of Mortality,0.106962875
Ethnicity,0.07113764
Payment Typology 3,0.05996151
APR Severity of Illness Description,0.058352858
Abortion Edit Indicator,0.0025562642
