feature,mean_importance
Abortion Edit Indicator,-0.000123853995821821
APR Severity of Illness Description,-1.905947885516568e-05
APR Risk of Mortality,0.00013807272953009764
Payment Typology 1,0.0002539248140454975
Payment Typology 3,0.00034267237871979936
Patient Disposition,0.0006043819151587305
APR DRG Description,0.0006252436089155766
Gender,0.0006277464620892626
Race,0.0011320763251031541
Ethnicity,0.0015385727503033132
Age Group,0.0018325189547560017
Length of Stay,0.001954338356928359
APR MDC Code,0.0024632197020662662
Payment Typology 2,0.003508070258963508
APR DRG Code,0.003920438366817625
Health Service Area,0.004022257792899647
Total Charges,0.004383050256851262
APR Severity of Illness Code,0.00458609245102135
CCS Procedure Description,0.0062354989813299564
Zip Code - 3 digits,0.006705408112165928
CCS Procedure Code,0.008520405059259245
Total Costs,0.009027233139244462
Hospital County,0.017795606061610864
CCS Diagnosis Code,0.023934040549123452
Facility Id,0.02740807085898947
Operating Certificate Number,0.04242466481126058
CCS Diagnosis Description,0.04796913757502956
APR Medical Surgical Description,0.04822967343350003
Facility Name,0.05072968499057071
APR MDC Description,0.05935809587375133
Birth Weight,0.44343264109406927
Emergency Department Indicator,0.7995855465707118
