{
    "uid": "ea27aef4-ee66-4a3a-acb5-c3625c13688f",
    "name": "3_Linear",
    "preprocessing": [
        {
            "missing_values": [
                {
                    "fill_method": "na_fill_median",
                    "fill_params": {
                        "NOX": 0.538,
                        "MEDV": 21.0
                    },
                    "datetime_columns": []
                }
            ],
            "scale": [
                {
                    "scale": [
                        8.28977608383815,
                        22.774065452613517,
                        6.775818309868782,
                        0.11541299646967493,
                        0.6776935925301415,
                        1.9520792189371177,
                        8.70628044206602,
                        169.6384841585398,
                        2.15360267214637,
                        94.80029940880665,
                        7.064155135806131,
                        8.846061134740768
                    ],
                    "mean": [
                        3.402273588390501,
                        10.631926121372032,
                        11.19160949868074,
                        0.5564029023746702,
                        6.261327176781002,
                        3.703120844327177,
                        9.546174142480211,
                        406.5197889182058,
                        18.46807387862797,
                        353.49509234828497,
                        12.735118733509234,
                        22.377044854881266
                    ],
                    "var": [
                        68.720387520175,
                        518.6580572399246,
                        45.911713768353046,
                        0.013320159754109199,
                        0.4592686053564094,
                        3.8106132770061474,
                        75.79931913590131,
                        28777.215307607155,
                        4.638004469475985,
                        8987.096767999386,
                        49.90228778273614,
                        78.25279759957114
                    ],
                    "n_samples_seen": 379,
                    "n_features_in": 12,
                    "columns": [
                        "CRIM",
                        "ZN",
                        "INDUS",
                        "NOX",
                        "RM",
                        "DIS",
                        "RAD",
                        "TAX",
                        "PTRATIO",
                        "B",
                        "LSTAT",
                        "MEDV"
                    ],
                    "scale_method": "scale_normal"
                }
            ],
            "scale_y": {
                "scale": [
                    27.45685851496352
                ],
                "mean": [
                    68.97889182058047
                ],
                "var": [
                    753.8790795107248
                ],
                "n_samples_seen": 379,
                "n_features_in": 1,
                "columns": [
                    "target"
                ],
                "scale_method": "scale_normal"
            },
            "ml_task": "regression",
            "params": {
                "columns_preprocessing": {
                    "CRIM": [
                        "scale_normal"
                    ],
                    "ZN": [
                        "scale_normal"
                    ],
                    "INDUS": [
                        "scale_normal"
                    ],
                    "NOX": [
                        "na_fill_median",
                        "scale_normal"
                    ],
                    "RM": [
                        "scale_normal"
                    ],
                    "DIS": [
                        "scale_normal"
                    ],
                    "RAD": [
                        "scale_normal"
                    ],
                    "TAX": [
                        "scale_normal"
                    ],
                    "PTRATIO": [
                        "scale_normal"
                    ],
                    "B": [
                        "scale_normal"
                    ],
                    "LSTAT": [
                        "scale_normal"
                    ],
                    "MEDV": [
                        "na_fill_median",
                        "scale_normal"
                    ]
                },
                "target_preprocessing": [
                    "na_exclude",
                    "scale_normal"
                ],
                "ml_task": "regression"
            }
        }
    ],
    "learners": [
        {
            "library_version": "1.0.2",
            "algorithm_name": "Linear Regression",
            "algorithm_short_name": "Linear",
            "uid": "6c5587d0-9350-4094-bb08-154f31961107",
            "params": {
                "model_type": "Linear",
                "ml_task": "regression",
                "n_jobs": -1,
                "seed": 1235,
                "explain_level": 2
            },
            "name": "learner_fold_0"
        }
    ],
    "params": {
        "additional": {
            "max_steps": 1,
            "max_rows_limit": null,
            "max_cols_limit": null
        },
        "preprocessing": {
            "columns_preprocessing": {
                "CRIM": [
                    "scale_normal"
                ],
                "ZN": [
                    "scale_normal"
                ],
                "INDUS": [
                    "scale_normal"
                ],
                "NOX": [
                    "na_fill_median",
                    "scale_normal"
                ],
                "RM": [
                    "scale_normal"
                ],
                "DIS": [
                    "scale_normal"
                ],
                "RAD": [
                    "scale_normal"
                ],
                "TAX": [
                    "scale_normal"
                ],
                "PTRATIO": [
                    "scale_normal"
                ],
                "B": [
                    "scale_normal"
                ],
                "LSTAT": [
                    "scale_normal"
                ],
                "MEDV": [
                    "na_fill_median",
                    "scale_normal"
                ]
            },
            "target_preprocessing": [
                "na_exclude",
                "scale_normal"
            ],
            "ml_task": "regression"
        },
        "validation_strategy": {
            "validation_type": "split",
            "train_ratio": 0.75,
            "shuffle": true,
            "X_path": "sparcs_regression/X.data",
            "y_path": "sparcs_regression/y.data",
            "results_path": "sparcs_regression"
        },
        "learner": {
            "model_type": "Linear",
            "ml_task": "regression",
            "n_jobs": -1,
            "seed": 1235,
            "explain_level": 2
        },
        "automl_random_state": 1234,
        "ml_task": "regression",
        "explain_level": 2,
        "name": "3_Linear",
        "status": "initialized",
        "final_loss": null,
        "train_time": null,
        "data_type": "original",
        "max_time_for_learner": 360.0
    },
    "saved": [
        "3_Linear/learner_fold_0.linear"
    ],
    "predictions_fname": "3_Linear/predictions_validation.csv",
    "metric_name": "rmse",
    "final_loss": 17.14127926384372,
    "train_time": 2.734968662261963,
    "is_stacked": false
}