{
    "uid": "7c8b0f45-7674-4a98-8545-4e5951863f8b",
    "name": "6_Default_RandomForest",
    "preprocessing": [
        {
            "missing_values": [
                {
                    "fill_method": "na_fill_median",
                    "fill_params": {
                        "NOX": 0.538,
                        "MEDV": 21.0
                    },
                    "datetime_columns": []
                }
            ],
            "scale_y": {
                "scale": [
                    27.45685851496352
                ],
                "mean": [
                    68.97889182058047
                ],
                "var": [
                    753.8790795107248
                ],
                "n_samples_seen": 379,
                "n_features_in": 1,
                "columns": [
                    "target"
                ],
                "scale_method": "scale_normal"
            },
            "ml_task": "regression",
            "params": {
                "columns_preprocessing": {
                    "NOX": [
                        "na_fill_median"
                    ],
                    "MEDV": [
                        "na_fill_median"
                    ]
                },
                "target_preprocessing": [
                    "na_exclude",
                    "scale_normal"
                ],
                "ml_task": "regression"
            }
        }
    ],
    "learners": [
        {
            "library_version": "1.0.2",
            "algorithm_name": "Random Forest",
            "algorithm_short_name": "Random Forest",
            "uid": "51973e53-7c37-41da-a07c-0e2d0c774ad2",
            "params": {
                "model_type": "Random Forest",
                "ml_task": "regression",
                "n_jobs": -1,
                "criterion": "mse",
                "max_features": 0.9,
                "min_samples_split": 30,
                "max_depth": 4,
                "seed": 6,
                "eval_metric_name": "rmse",
                "explain_level": 2
            },
            "name": "learner_fold_0"
        }
    ],
    "params": {
        "additional": {
            "trees_in_step": 100,
            "train_cant_improve_limit": 1,
            "min_steps": 1,
            "max_steps": 50,
            "early_stopping_rounds": 50,
            "max_rows_limit": null,
            "max_cols_limit": null
        },
        "preprocessing": {
            "columns_preprocessing": {
                "NOX": [
                    "na_fill_median"
                ],
                "MEDV": [
                    "na_fill_median"
                ]
            },
            "target_preprocessing": [
                "na_exclude",
                "scale_normal"
            ],
            "ml_task": "regression"
        },
        "validation_strategy": {
            "validation_type": "split",
            "train_ratio": 0.75,
            "shuffle": true,
            "X_path": "sparcs_regression/X.data",
            "y_path": "sparcs_regression/y.data",
            "results_path": "sparcs_regression"
        },
        "learner": {
            "model_type": "Random Forest",
            "ml_task": "regression",
            "n_jobs": -1,
            "criterion": "mse",
            "max_features": 0.9,
            "min_samples_split": 30,
            "max_depth": 4,
            "seed": 6,
            "eval_metric_name": "rmse",
            "explain_level": 2
        },
        "automl_random_state": 1234,
        "ml_task": "regression",
        "explain_level": 2,
        "name": "6_Default_RandomForest",
        "status": "initialized",
        "final_loss": null,
        "train_time": null,
        "data_type": "original",
        "max_time_for_learner": 360.0
    },
    "saved": [
        "6_Default_RandomForest/learner_fold_0.random_forest"
    ],
    "predictions_fname": "6_Default_RandomForest/predictions_validation.csv",
    "metric_name": "rmse",
    "final_loss": 14.250642417046048,
    "train_time": 7.328587532043457,
    "is_stacked": false
}