{
    "uid": "637a6673-6b4b-4f16-b1e0-79642508f6cd",
    "name": "2_DecisionTree",
    "preprocessing": [
        {
            "remove_columns": [
                "Discharge Year"
            ],
            "missing_values": [
                {
                    "fill_method": "na_fill_median",
                    "fill_params": {
                        "Health Service Area": "New York City",
                        "Hospital County": "Manhattan",
                        "Operating Certificate Number": 5907001.0,
                        "Facility Id": 1098.0,
                        "Zip Code - 3 digits": "112",
                        "APR Severity of Illness Description": "Moderate",
                        "APR Risk of Mortality": "Minor",
                        "Payment Typology 2": "Medicaid",
                        "Payment Typology 3": "Self-Pay"
                    },
                    "datetime_columns": []
                }
            ],
            "categorical": [
                {
                    "convert_method": "categorical_to_int",
                    "convert_params": {
                        "Health Service Area": {
                            "Capital/Adirond": 0,
                            "Central NY": 1,
                            "Finger Lakes": 2,
                            "Hudson Valley": 3,
                            "Long Island": 4,
                            "New York City": 5,
                            "Southern Tier": 6,
                            "Western NY": 7
                        },
                        "Hospital County": {
                            "Albany": 0,
                            "Allegany": 1,
                            "Bronx": 2,
                            "Broome": 3,
                            "Cattaraugus": 4,
                            "Cayuga": 5,
                            "Chautauqua": 6,
                            "Chemung": 7,
                            "Chenango": 8,
                            "Clinton": 9,
                            "Columbia": 10,
                            "Cortland": 11,
                            "Delaware": 12,
                            "Dutchess": 13,
                            "Erie": 14,
                            "Essex": 15,
                            "Franklin": 16,
                            "Fulton": 17,
                            "Genesee": 18,
                            "Herkimer": 19,
                            "Jefferson": 20,
                            "Kings": 21,
                            "Lewis": 22,
                            "Livingston": 23,
                            "Madison": 24,
                            "Manhattan": 25,
                            "Monroe": 26,
                            "Montgomery": 27,
                            "Nassau": 28,
                            "Niagara": 29,
                            "Oneida": 30,
                            "Onondaga": 31,
                            "Ontario": 32,
                            "Orange": 33,
                            "Orleans": 34,
                            "Oswego": 35,
                            "Otsego": 36,
                            "Putnam": 37,
                            "Queens": 38,
                            "Rensselaer": 39,
                            "Richmond": 40,
                            "Rockland": 41,
                            "Saratoga": 42,
                            "Schenectady": 43,
                            "Schoharie": 44,
                            "Schuyler": 45,
                            "St Lawrence": 46,
                            "Steuben": 47,
                            "Suffolk": 48,
                            "Sullivan": 49,
                            "Tompkins": 50,
                            "Ulster": 51,
                            "Warren": 52,
                            "Wayne": 53,
                            "Westchester": 54,
                            "Wyoming": 55,
                            "Yates": 56
                        },
                        "Facility Name": {
                            "Adirondack Medical Center-Saranac Lake Site": 0,
                            "Albany Medical Center Hospital": 1,
                            "Albany Memorial Hospital": 2,
                            "Alice Hyde Medical Center": 3,
                            "Arnot Ogden Medical Center": 4,
                            "Auburn Community Hospital": 5,
                            "Aurelia Osborn Fox Memorial Hospital": 6,
                            "Bellevue Hospital Center": 7,
                            "Bertrand Chaffee Hospital": 8,
                            "Blythedale Childrens Hospital": 9,
                            "Bon Secours Community Hospital": 10,
                            "Bronx-Lebanon Hospital Center - Concourse Division": 11,
                            "Bronx-Lebanon Hospital Center - Fulton Division": 12,
                            "Brookdale Hospital Medical Center": 13,
                            "Brookhaven Memorial Hospital Medical Center Inc": 14,
                            "Brooklyn Hospital Center - Downtown Campus": 15,
                            "Brooks Memorial Hospital": 16,
                            "Buffalo General Medical Center": 17,
                            "Calvary Hospital Inc": 18,
                            "Canton-Potsdam Hospital": 19,
                            "Carthage Area Hospital Inc": 20,
                            "Catskill Regional Medical Center": 21,
                            "Catskill Regional Medical Center - G. Hermann Site": 22,
                            "Cayuga Medical Center at Ithaca": 23,
                            "Chenango Memorial Hospital Inc": 24,
                            "Claxton-Hepburn Medical Center": 25,
                            "Clifton Springs Hospital and Clinic": 26,
                            "Cobleskill Regional Hospital": 27,
                            "Columbia Memorial Hospital": 28,
                            "Community Memorial Hospital Inc": 29,
                            "Coney Island Hospital": 30,
                            "Corning Hospital": 31,
                            "Cortland Regional Medical Center Inc": 32,
                            "Crouse Hospital": 33,
                            "Crouse Hospital - Commonwealth Division": 34,
                            "Cuba Memorial Hospital Inc": 35,
                            "Degraff Memorial Hospital": 36,
                            "Delaware Valley Hospital Inc": 37,
                            "Eastern Long Island Hospital": 38,
                            "Eastern Niagara Hospital - Lockport Division": 39,
                            "Ellenville Regional Hospital": 40,
                            "Ellis Hospital": 41,
                            "Ellis Hospital - Bellevue Woman's Care Center Division": 42,
                            "Elmhurst Hospital Center": 43,
                            "Erie County Medical Center": 44,
                            "F F Thompson Hospital": 45,
                            "Faxton-St Lukes Healthcare St Lukes Division": 46,
                            "Flushing Hospital Medical Center": 47,
                            "Forest Hills Hospital": 48,
                            "Franklin Hospital": 49,
                            "Geneva General Hospital": 50,
                            "Glen Cove Hospital": 51,
                            "Glens Falls Hospital": 52,
                            "Good Samaritan Hospital Medical Center": 53,
                            "Good Samaritan Hospital of Suffern": 54,
                            "Gouverneur Hospital": 55,
                            "Harlem Hospital Center": 56,
                            "HealthAlliance Hospital Broadway Campus": 57,
                            "HealthAlliance Hospital Mary's Avenue Campus": 58,
                            "Helen Hayes Hospital": 59,
                            "Henry J. Carter Specialty Hospital": 60,
                            "Highland Hospital": 61,
                            "Hospital for Special Surgery": 62,
                            "Hudson Valley Hospital Center": 63,
                            "Huntington Hospital": 64,
                            "Interfaith Medical Center": 65,
                            "Ira Davenport Memorial Hospital Inc": 66,
                            "Jacobi Medical Center": 67,
                            "Jamaica Hospital Medical Center": 68,
                            "John T Mather Memorial Hospital of Port Jefferson New York Inc": 69,
                            "Kenmore Mercy Hospital": 70,
                            "Kings County Hospital Center": 71,
                            "Kingsbrook Jewish Medical Center": 72,
                            "Lenox Hill Hospital": 73,
                            "Lewis County General Hospital": 74,
                            "Lincoln Medical & Mental Health Center": 75,
                            "Little Falls Hospital": 76,
                            "Long Island Jewish Medical Center": 77,
                            "Long Island Jewish Schneiders Children's Hospital Division": 78,
                            "Long Island Jewish Valley Stream": 79,
                            "Lutheran Medical Center": 80,
                            "Maimonides Medical Center": 81,
                            "Mary Imogene Bassett Hospital": 82,
                            "Massena Memorial Hospital": 83,
                            "Medina Memorial Hospital": 84,
                            "Memorial Hosp of Wm F & Gertrude F Jones A/K/A Jones Memorial Hosp": 85,
                            "Memorial Hospital for Cancer and Allied Diseases": 86,
                            "Mercy Hospital": 87,
                            "Mercy Hospital of Buffalo": 88,
                            "Mercy Medical Center": 89,
                            "Metropolitan Hospital Center": 90,
                            "Mid-Hudson Valley Division of Westchester Medical Center": 91,
                            "Millard Fillmore Suburban Hospital": 92,
                            "Montefiore Med Center - Jack D Weiler Hosp of A Einstein College Div": 93,
                            "Montefiore Medical Center - Henry & Lucy Moses Div": 94,
                            "Montefiore Medical Center-Wakefield Hospital": 95,
                            "Montefiore Mount Vernon Hospital": 96,
                            "Montefiore New Rochelle Hospital": 97,
                            "Moses-Ludington Hospital": 98,
                            "Mount Sinai Beth Israel": 99,
                            "Mount Sinai Beth Israel Brooklyn": 100,
                            "Mount Sinai Brooklyn": 101,
                            "Mount Sinai Hospital": 102,
                            "Mount Sinai Hospital - Mount Sinai Hospital of Queens": 103,
                            "Mount Sinai Roosevelt": 104,
                            "Mount Sinai St. Luke's": 105,
                            "Mount Sinai West": 106,
                            "Mount St Marys Hospital and Health Center": 107,
                            "NYU Hospital for Joint Diseases": 108,
                            "NYU Hospitals Center": 109,
                            "NYU Lutheran Medical Center": 110,
                            "Nassau University Medical Center": 111,
                            "Nathan Littauer Hospital": 112,
                            "New York Community Hospital of Brooklyn, Inc": 113,
                            "New York Eye and Ear Infirmary of Mount Sinai": 114,
                            "New York Hospital Medical Center of Queens": 115,
                            "New York Methodist Hospital": 116,
                            "New York Presbyterian Hospital - Allen Hospital": 117,
                            "New York Presbyterian Hospital - Columbia Presbyterian Center": 118,
                            "New York Presbyterian Hospital - New York Weill Cornell Center": 119,
                            "New York Presbyterian Hospital - Westchester Division": 120,
                            "New York-Presbyterian/Lawrence Hospital": 121,
                            "New York-Presbyterian/Lower Manhattan Hospital": 122,
                            "New York-Presbyterian/Queens": 123,
                            "NewYork-Presbyterian Brooklyn Methodist Hospital": 124,
                            "NewYork-Presbyterian/Hudson Valley Hospital": 125,
                            "NewYork-Presbyterian/Lawrence Hospital": 126,
                            "NewYork-Presbyterian/Queens": 127,
                            "Newark-Wayne Community Hospital": 128,
                            "Niagara Falls Memorial Medical Center": 129,
                            "Nicholas H Noyes Memorial Hospital": 130,
                            "North Central Bronx Hospital": 131,
                            "North Shore University Hospital": 132,
                            "Northern Dutchess Hospital": 133,
                            "Northern Westchester Hospital": 134,
                            "Nyack Hospital": 135,
                            "Olean General Hospital": 136,
                            "Oneida Healthcare": 137,
                            "Orange Regional Medical Center": 138,
                            "Oswego Hospital": 139,
                            "Oswego Hospital - Alvin L Krakau Comm Mtl Health Center Div": 140,
                            "Our Lady of Lourdes Memorial Hospital Inc": 141,
                            "Peconic Bay Medical Center": 142,
                            "Phelps Memorial Hospital Assn": 143,
                            "Plainview Hospital": 144,
                            "Putnam Hospital Center": 145,
                            "Queens Hospital Center": 146,
                            "RUMC-Bayley Seton": 147,
                            "Redacted for Confidentiality": 148,
                            "Richmond University Medical Center": 149,
                            "River Hospital, Inc.": 150,
                            "Rochester General Hospital": 151,
                            "Rome Memorial Hospital, Inc": 152,
                            "Roswell Park Cancer Institute": 153,
                            "SBH Health System": 154,
                            "SJRH - Dobbs Ferry Pavillion": 155,
                            "SJRH - Park Care Pavilion": 156,
                            "SJRH - St Johns Division": 157,
                            "Samaritan Hospital": 158,
                            "Samaritan Medical Center": 159,
                            "Saratoga Hospital": 160,
                            "Schuyler Hospital": 161,
                            "Sisters of Charity Hospital": 162,
                            "Sisters of Charity Hospital - St Joseph Campus": 163,
                            "Soldiers and Sailors Memorial Hospital of Yates County Inc": 164,
                            "South Nassau Communities Hospital": 165,
                            "Southampton Hospital": 166,
                            "Southside Hospital": 167,
                            "St Anthony Community Hospital": 168,
                            "St Catherine of Siena Hospital": 169,
                            "St Charles Hospital": 170,
                            "St Elizabeth Medical Center": 171,
                            "St Francis Hospital": 172,
                            "St James Mercy Hospital": 173,
                            "St James Mercy Hospital - Mercycare": 174,
                            "St Johns Episcopal Hospital So Shore": 175,
                            "St Joseph's MC-St Vincents Westchester Division": 176,
                            "St Joseph's Medical Center": 177,
                            "St Josephs Hospital": 178,
                            "St Josephs Hospital Health Center": 179,
                            "St Luke's Cornwall Hospital/Newburgh": 180,
                            "St Peters Hospital": 181,
                            "St. Joseph Hospital": 182,
                            "St. Mary's Healthcare": 183,
                            "St. Mary's Healthcare - Amsterdam Memorial Campus": 184,
                            "St. Mary's Hospital": 185,
                            "St. Peter's Addiction Recovery Center": 186,
                            "Staten Island University Hosp-North": 187,
                            "Staten Island University Hosp-South": 188,
                            "Strong Memorial Hospital": 189,
                            "Summit Park Hospital-Rockland County Infirmary": 190,
                            "Sunnyview Hospital and Rehabilitation Center": 191,
                            "Syosset Hospital": 192,
                            "TLC Health Network Lake Shore Hospital": 193,
                            "The Burdett Care Center": 194,
                            "The Unity Hospital of Rochester": 195,
                            "The Unity Hospital of Rochester-St Marys Campus": 196,
                            "The University of Vermont Health Network - Champlain Valley Physicians": 197,
                            "The University of Vermont Health Network - Elizabethtown Community Hos": 198,
                            "UPSTATE University Hospital at Community General": 199,
                            "United Health Services Hospitals Inc. - Binghamton General Hospital": 200,
                            "United Health Services Hospitals Inc. - Wilson Medical Center": 201,
                            "United Memorial Medical Center Bank Street Campus": 202,
                            "United Memorial Medical Center North Street Campus": 203,
                            "University Hospital": 204,
                            "University Hospital SUNY Health Science Center": 205,
                            "University Hospital of Brooklyn": 206,
                            "Vassar Brothers Medical Center": 207,
                            "Westchester Medical Center": 208,
                            "White Plains Hospital Center": 209,
                            "Winifred Masterson Burke Rehabilitation Hospital": 210,
                            "Winthrop-University Hospital": 211,
                            "Woman's Christian Association": 212,
                            "Womans Christian Assoc Hospital - WCA Hosp at Jones Memorial Health Ce": 213,
                            "Women And Children's Hospital Of Buffalo": 214,
                            "Woodhull Medical & Mental Health Center": 215,
                            "Wyckoff Heights Medical Center": 216,
                            "Wyoming County Community Hospital": 217
                        },
                        "Age Group": {
                            "0 to 17": 0,
                            "18 to 29": 1,
                            "30 to 49": 2,
                            "50 to 69": 3,
                            "70 or Older": 4
                        },
                        "Zip Code - 3 digits": {
                            "100": 0,
                            "101": 1,
                            "103": 2,
                            "104": 3,
                            "105": 4,
                            "106": 5,
                            "107": 6,
                            "108": 7,
                            "109": 8,
                            "110": 9,
                            "111": 10,
                            "112": 11,
                            "113": 12,
                            "114": 13,
                            "115": 14,
                            "116": 15,
                            "117": 16,
                            "118": 17,
                            "119": 18,
                            "120": 19,
                            "121": 20,
                            "122": 21,
                            "123": 22,
                            "124": 23,
                            "125": 24,
                            "126": 25,
                            "127": 26,
                            "128": 27,
                            "129": 28,
                            "130": 29,
                            "131": 30,
                            "132": 31,
                            "133": 32,
                            "134": 33,
                            "135": 34,
                            "136": 35,
                            "137": 36,
                            "138": 37,
                            "139": 38,
                            "140": 39,
                            "141": 40,
                            "142": 41,
                            "143": 42,
                            "144": 43,
                            "145": 44,
                            "146": 45,
                            "147": 46,
                            "148": 47,
                            "149": 48,
                            "OOS": 49
                        },
                        "Gender": {
                            "F": 0,
                            "M": 1,
                            "U": 2
                        },
                        "Race": {
                            "Black/African American": 0,
                            "Multi-racial": 1,
                            "Other Race": 2,
                            "White": 3
                        },
                        "Ethnicity": {
                            "Multi-ethnic": 0,
                            "Not Span/Hispanic": 1,
                            "Spanish/Hispanic": 2,
                            "Unknown": 3
                        },
                        "Length of Stay": {
                            "1": 0,
                            "10": 1,
                            "100": 2,
                            "101": 3,
                            "109": 4,
                            "11": 5,
                            "111": 6,
                            "112": 7,
                            "114": 8,
                            "12": 9,
                            "120 +": 10,
                            "13": 11,
                            "14": 12,
                            "15": 13,
                            "16": 14,
                            "17": 15,
                            "18": 16,
                            "19": 17,
                            "2": 18,
                            "20": 19,
                            "21": 20,
                            "22": 21,
                            "23": 22,
                            "24": 23,
                            "25": 24,
                            "26": 25,
                            "27": 26,
                            "28": 27,
                            "29": 28,
                            "3": 29,
                            "30": 30,
                            "31": 31,
                            "32": 32,
                            "33": 33,
                            "34": 34,
                            "35": 35,
                            "36": 36,
                            "37": 37,
                            "38": 38,
                            "39": 39,
                            "4": 40,
                            "40": 41,
                            "41": 42,
                            "42": 43,
                            "43": 44,
                            "44": 45,
                            "45": 46,
                            "46": 47,
                            "47": 48,
                            "48": 49,
                            "49": 50,
                            "5": 51,
                            "50": 52,
                            "51": 53,
                            "52": 54,
                            "53": 55,
                            "54": 56,
                            "55": 57,
                            "56": 58,
                            "57": 59,
                            "58": 60,
                            "6": 61,
                            "60": 62,
                            "61": 63,
                            "62": 64,
                            "63": 65,
                            "64": 66,
                            "65": 67,
                            "67": 68,
                            "7": 69,
                            "71": 70,
                            "72": 71,
                            "74": 72,
                            "76": 73,
                            "8": 74,
                            "80": 75,
                            "82": 76,
                            "85": 77,
                            "87": 78,
                            "89": 79,
                            "9": 80,
                            "93": 81,
                            "97": 82,
                            "99": 83
                        },
                        "Patient Disposition": {
                            "Another Type Not Listed": 0,
                            "Cancer Center or Children's Hospital": 1,
                            "Court/Law Enforcement": 2,
                            "Critical Access Hospital": 3,
                            "Expired": 4,
                            "Facility w/ Custodial/Supportive Care": 5,
                            "Federal Health Care Facility": 6,
                            "Home or Self Care": 7,
                            "Home w/ Home Health Services": 8,
                            "Hosp Basd Medicare Approved Swing Bed": 9,
                            "Hospice - Home": 10,
                            "Hospice - Medical Facility": 11,
                            "Inpatient Rehabilitation Facility": 12,
                            "Left Against Medical Advice": 13,
                            "Medicaid Cert Nursing Facility": 14,
                            "Medicare Cert Long Term Care Hospital": 15,
                            "Psychiatric Hospital or Unit of Hosp": 16,
                            "Short-term Hospital": 17,
                            "Skilled Nursing Home": 18
                        },
                        "CCS Diagnosis Description": {
                            "Abdominal hernia": 0,
                            "Abdominal pain": 1,
                            "Acute and chronic tonsillitis": 2,
                            "Acute and unspecified renal failure": 3,
                            "Acute bronchitis": 4,
                            "Acute cerebrovascular disease": 5,
                            "Acute myocardial infarction": 6,
                            "Acute posthemorrhagic anemia": 7,
                            "Adjustment disorders": 8,
                            "Administrative/social admission": 9,
                            "Alcohol-related disorders": 10,
                            "Allergic reactions": 11,
                            "Anal and rectal conditions": 12,
                            "Anxiety disorders": 13,
                            "Aortic and peripheral arterial embolism or thrombosis": 14,
                            "Aortic; peripheral; and visceral artery aneurysms": 15,
                            "Appendicitis and other appendiceal conditions": 16,
                            "Aspiration pneumonitis; food/vomitus": 17,
                            "Asthma": 18,
                            "Attention-deficit, conduct, and disruptive behavior disorders": 19,
                            "Bacterial infection; unspecified site": 20,
                            "Benign neoplasm of uterus": 21,
                            "Biliary tract disease": 22,
                            "Birth trauma": 23,
                            "Blindness and vision defects": 24,
                            "Burns": 25,
                            "Calculus of urinary tract": 26,
                            "Cancer of bladder": 27,
                            "Cancer of bone and connective tissue": 28,
                            "Cancer of brain and nervous system": 29,
                            "Cancer of breast": 30,
                            "Cancer of bronchus; lung": 31,
                            "Cancer of cervix": 32,
                            "Cancer of colon": 33,
                            "Cancer of esophagus": 34,
                            "Cancer of head and neck": 35,
                            "Cancer of kidney and renal pelvis": 36,
                            "Cancer of liver and intrahepatic bile duct": 37,
                            "Cancer of other GI organs; peritoneum": 38,
                            "Cancer of other urinary organs": 39,
                            "Cancer of ovary": 40,
                            "Cancer of pancreas": 41,
                            "Cancer of prostate": 42,
                            "Cancer of rectum and anus": 43,
                            "Cancer of stomach": 44,
                            "Cancer of testis": 45,
                            "Cancer of thyroid": 46,
                            "Cancer of uterus": 47,
                            "Cancer; other and unspecified primary": 48,
                            "Cancer; other respiratory and intrathoracic": 49,
                            "Cardiac and circulatory congenital anomalies": 50,
                            "Cardiac arrest and ventricular fibrillation": 51,
                            "Cardiac dysrhythmias": 52,
                            "Chronic kidney disease": 53,
                            "Chronic obstructive pulmonary disease and bronchiectasis": 54,
                            "Chronic ulcer of skin": 55,
                            "Coagulation and hemorrhagic disorders": 56,
                            "Coma; stupor; and brain damage": 57,
                            "Complication of device; implant or graft": 58,
                            "Complications of surgical procedures or medical care": 59,
                            "Conditions associated with dizziness or vertigo": 60,
                            "Conduction disorders": 61,
                            "Congestive heart failure; nonhypertensive": 62,
                            "Coronary atherosclerosis and other heart disease": 63,
                            "Crushing injury or internal injury": 64,
                            "Cystic fibrosis": 65,
                            "Deficiency and other anemia": 66,
                            "Delirium, dementia, and amnestic and other cognitive disorders": 67,
                            "Diabetes mellitus with complications": 68,
                            "Diabetes mellitus without complication": 69,
                            "Diabetes or abnormal glucose tolerance complicating pregnancy; childbirth; or the puerperium": 70,
                            "Digestive congenital anomalies": 71,
                            "Diseases of mouth; excluding dental": 72,
                            "Diseases of white blood cells": 73,
                            "Disorders of lipid metabolism": 74,
                            "Disorders of teeth and jaw": 75,
                            "Disorders usually diagnosed in infancy, childhood, or adolescence": 76,
                            "Diverticulosis and diverticulitis": 77,
                            "Early or threatened labor": 78,
                            "Ectopic pregnancy": 79,
                            "Encephalitis (except that caused by tuberculosis or sexually transmitted disease)": 80,
                            "Endometriosis": 81,
                            "Epilepsy; convulsions": 82,
                            "Esophageal disorders": 83,
                            "Essential hypertension": 84,
                            "Fetal distress and abnormal forces of labor": 85,
                            "Fetopelvic disproportion; obstruction": 86,
                            "Fever of unknown origin": 87,
                            "Fluid and electrolyte disorders": 88,
                            "Forceps delivery": 89,
                            "Fracture of lower limb": 90,
                            "Fracture of neck of femur (hip)": 91,
                            "Fracture of upper limb": 92,
                            "Gangrene": 93,
                            "Gastritis and duodenitis": 94,
                            "Gastroduodenal ulcer (except hemorrhage)": 95,
                            "Gastrointestinal hemorrhage": 96,
                            "Genitourinary congenital anomalies": 97,
                            "Genitourinary symptoms and ill-defined conditions": 98,
                            "Gout and other crystal arthropathies": 99,
                            "HIV infection": 100,
                            "Headache; including migraine": 101,
                            "Heart valve disorders": 102,
                            "Hemolytic jaundice and perinatal jaundice": 103,
                            "Hemorrhage during pregnancy; abruptio placenta; placenta previa": 104,
                            "Hemorrhoids": 105,
                            "Hepatitis": 106,
                            "Hodgkin`s disease": 107,
                            "Hyperplasia of prostate": 108,
                            "Hypertension complicating pregnancy; childbirth and the puerperium": 109,
                            "Hypertension with complications and secondary hypertension": 110,
                            "Immunity disorders": 111,
                            "Immunizations and screening for infectious disease": 112,
                            "Impulse control disorders, NEC": 113,
                            "Induced abortion": 114,
                            "Infective arthritis and osteomyelitis (except that caused by tuberculosis or sexually transmitted disease)": 115,
                            "Inflammation; infection of eye (except that caused by tuberculosis or sexually transmitteddisease)": 116,
                            "Inflammatory conditions of male genital organs": 117,
                            "Inflammatory diseases of female pelvic organs": 118,
                            "Influenza": 119,
                            "Intestinal infection": 120,
                            "Intestinal obstruction without hernia": 121,
                            "Intracranial injury": 122,
                            "Joint disorders and dislocations; trauma-related": 123,
                            "Late effects of cerebrovascular disease": 124,
                            "Leukemias": 125,
                            "Liveborn": 126,
                            "Lung disease due to external agents": 127,
                            "Lymphadenitis": 128,
                            "Maintenance chemotherapy; radiotherapy": 129,
                            "Malaise and fatigue": 130,
                            "Malignant neoplasm without specification of site": 131,
                            "Malposition; malpresentation": 132,
                            "Medical examination/evaluation": 133,
                            "Meningitis (except that caused by tuberculosis or sexually transmitted disease)": 134,
                            "Menopausal disorders": 135,
                            "Menstrual disorders": 136,
                            "Miscellaneous disorders": 137,
                            "Mood disorders": 138,
                            "Multiple myeloma": 139,
                            "Multiple sclerosis": 140,
                            "Mycoses": 141,
                            "Nausea and vomiting": 142,
                            "Neoplasms of unspecified nature or uncertain behavior": 143,
                            "Nephritis; nephrosis; renal sclerosis": 144,
                            "Nervous system congenital anomalies": 145,
                            "Non-Hodgkin`s lymphoma": 146,
                            "Noninfectious gastroenteritis": 147,
                            "Nonmalignant breast conditions": 148,
                            "Nonspecific chest pain": 149,
                            "Nutritional deficiencies": 150,
                            "OB-related trauma to perineum and vulva": 151,
                            "Occlusion or stenosis of precerebral arteries": 152,
                            "Open wounds of extremities": 153,
                            "Open wounds of head; neck; and trunk": 154,
                            "Osteoarthritis": 155,
                            "Other CNS infection and poliomyelitis": 156,
                            "Other acquired deformities": 157,
                            "Other aftercare": 158,
                            "Other and ill-defined cerebrovascular disease": 159,
                            "Other and ill-defined heart disease": 160,
                            "Other and unspecified benign neoplasm": 161,
                            "Other bone disease and musculoskeletal deformities": 162,
                            "Other circulatory disease": 163,
                            "Other complications of birth; puerperium affecting management of mother": 164,
                            "Other complications of pregnancy": 165,
                            "Other congenital anomalies": 166,
                            "Other connective tissue disease": 167,
                            "Other diseases of bladder and urethra": 168,
                            "Other diseases of kidney and ureters": 169,
                            "Other diseases of veins and lymphatics": 170,
                            "Other disorders of stomach and duodenum": 171,
                            "Other ear and sense organ disorders": 172,
                            "Other endocrine disorders": 173,
                            "Other eye disorders": 174,
                            "Other female genital disorders": 175,
                            "Other fractures": 176,
                            "Other gastrointestinal disorders": 177,
                            "Other hereditary and degenerative nervous system conditions": 178,
                            "Other infections; including parasitic": 179,
                            "Other inflammatory condition of skin": 180,
                            "Other injuries and conditions due to external causes": 181,
                            "Other liver diseases": 182,
                            "Other lower respiratory disease": 183,
                            "Other male genital disorders": 184,
                            "Other nervous system disorders": 185,
                            "Other non-epithelial cancer of skin": 186,
                            "Other non-traumatic joint disorders": 187,
                            "Other nutritional; endocrine; and metabolic disorders": 188,
                            "Other perinatal conditions": 189,
                            "Other pregnancy and delivery including normal": 190,
                            "Other screening for suspected conditions (not mental disorders or infectious disease)": 191,
                            "Other skin disorders": 192,
                            "Other upper respiratory disease": 193,
                            "Other upper respiratory infections": 194,
                            "Otitis media and related conditions": 195,
                            "Ovarian cyst": 196,
                            "Pancreatic disorders (not diabetes)": 197,
                            "Paralysis": 198,
                            "Parkinson`s disease": 199,
                            "Pathological fracture": 200,
                            "Peri-; endo-; and myocarditis; cardiomyopathy (except that caused by tuberculosis or sexually transmitted disease)": 201,
                            "Peripheral and visceral atherosclerosis": 202,
                            "Peritonitis and intestinal abscess": 203,
                            "Personality disorders": 204,
                            "Phlebitis; thrombophlebitis and thromboembolism": 205,
                            "Pleurisy; pneumothorax; pulmonary collapse": 206,
                            "Pneumonia (except that caused by tuberculosis or sexually transmitted disease)": 207,
                            "Poisoning by nonmedicinal substances": 208,
                            "Poisoning by other medications and drugs": 209,
                            "Poisoning by psychotropic agents": 210,
                            "Polyhydramnios and other problems of amniotic cavity": 211,
                            "Postabortion complications": 212,
                            "Previous C-section": 213,
                            "Prolapse of female genital organs": 214,
                            "Prolonged pregnancy": 215,
                            "Pulmonary heart disease": 216,
                            "Regional enteritis and ulcerative colitis": 217,
                            "Rehabilitation care; fitting of prostheses; and adjustment of devices": 218,
                            "Residual codes; unclassified": 219,
                            "Respiratory failure; insufficiency; arrest (adult)": 220,
                            "Retinal detachments; defects; vascular occlusion; and retinopathy": 221,
                            "Rheumatoid arthritis and related disease": 222,
                            "Schizophrenia and other psychotic disorders": 223,
                            "Screening and history of mental health and substance abuse codes": 224,
                            "Secondary malignancies": 225,
                            "Septicemia (except in labor)": 226,
                            "Sexually transmitted infections (not HIV or hepatitis)": 227,
                            "Shock": 228,
                            "Short gestation; low birth weight; and fetal growth retardation": 229,
                            "Sickle cell anemia": 230,
                            "Skin and subcutaneous tissue infections": 231,
                            "Skull and face fractures": 232,
                            "Spinal cord injury": 233,
                            "Spondylosis; intervertebral disc disorders; other back problems": 234,
                            "Spontaneous abortion": 235,
                            "Sprains and strains": 236,
                            "Substance-related disorders": 237,
                            "Suicide and intentional self-inflicted injury": 238,
                            "Superficial injury; contusion": 239,
                            "Syncope": 240,
                            "Systemic lupus erythematosus and connective tissue disorders": 241,
                            "Thyroid disorders": 242,
                            "Transient cerebral ischemia": 243,
                            "Tuberculosis": 244,
                            "Umbilical cord complication": 245,
                            "Urinary tract infections": 246,
                            "Viral infection": 247
                        },
                        "CCS Procedure Description": {
                            "ABDOMINAL PARACENTESIS": 0,
                            "ABORTION (TERM OF PREG)": 1,
                            "ALCO/DRUG REHAB/DETOX": 2,
                            "AMPUTATE LOWER EXTRMITY": 3,
                            "AORTIC RESECTION; REPL": 4,
                            "APPENDECTOMY": 5,
                            "ART RUPT MEMB ASSIS DLV": 6,
                            "ARTERIAL BLOOD GASES": 7,
                            "ARTERIO FEMORAL/LOW ART": 8,
                            "ARTERIO/VENOGRAM-NOT HH": 9,
                            "ARTERIOVENOUS FISTULA": 10,
                            "ARTHROCENTESIS": 11,
                            "ARTHROPLASTY KNEE": 12,
                            "ARTHROPLASTY-NOT HIP/KN": 13,
                            "BIOPSY OF LIVER": 14,
                            "BLOOD TRANSFUSION": 15,
                            "BONE MARROW BIOPSY": 16,
                            "BONE MARROW TRANSPLANT": 17,
                            "BREAST BIOPSY & DX PRCS": 18,
                            "CANCER CHEMOTHERAPY": 19,
                            "CARDIAC PACEMAKER/DEFIB": 20,
                            "CARDIAC STRESS TESTS": 21,
                            "CEREBRAL ARTERIOGRAM": 22,
                            "CESAREAN SECTION": 23,
                            "CHOLECYSTECTOMY/EXPLOR": 24,
                            "CIRCUMCISION": 25,
                            "COLONOSCOPY AND BIOPSY": 26,
                            "COLORECTAL RESECTION": 27,
                            "COLOSTOMY; TEMP/PERM": 28,
                            "COMP AXIAL TOMOGR (CT)": 29,
                            "CONTRAST AORTOGRAM": 30,
                            "CONTROL OF EPISTAXIS": 31,
                            "CONV OF CARDIAC RHYTHM": 32,
                            "COR ARTERY BYP GRF-CABG": 33,
                            "CORNEAL TRANSPLANT": 34,
                            "CT SCAN ABDOMEN": 35,
                            "CT SCAN CHEST": 36,
                            "D&C; ASPIR AFT DLV/ABOR": 37,
                            "DEBRIDE WOUND,INF,BURN": 38,
                            "DECOMP PERIPHERAL NERVE": 39,
                            "DIAGNOSTIC SPINAL TAP": 40,
                            "DX BRONCHOSCOPY & BIOPS": 41,
                            "DX CARDIAC CATHETERIZTN": 42,
                            "DX DILAT/CURETTAGE -D&C": 43,
                            "DX PHYSICAL THERAPY": 44,
                            "DX PRCS ON EAR": 45,
                            "DX PRCS ON NOSE & MOUTH": 46,
                            "DX PRCS; MALE GENITAL": 47,
                            "DX ULTRASOUND AB/RETRO": 48,
                            "DX ULTRASOUND HEAD/NECK": 49,
                            "DX ULTRASOUND HEART": 50,
                            "DX ULTRASOUND URINARY": 51,
                            "ELECTROCARDIOGRAM": 52,
                            "ELECTROENCEPHALOGRAM": 53,
                            "ELECTROGR CARDIAC MONIT": 54,
                            "EMBOL-/ENDARTER-ECTOMY": 55,
                            "ENDARTERECTOMY;VES HEAD": 56,
                            "ENDO RETRO CAN OF PANCR": 57,
                            "ENDOSCOPY URINARY TRACT": 58,
                            "ENTERAL/PARENTERAL NUTR": 59,
                            "EPISIOTOMY": 60,
                            "ESOPHAGEAL DILATATION": 61,
                            "EXCISION OF SKIN LESION": 62,
                            "EXCISION; LYS PERI ADHS": 63,
                            "EXPLORATORY LAPAROTOMY": 64,
                            "EXTRA CIRC AUX OPEN HRT": 65,
                            "FETAL MONITORING": 66,
                            "FORCEP;VAC;BREACH DELIV": 67,
                            "GASTRECTOMY; PART/TOTAL": 68,
                            "GASTROSTOMY; TEMP/PERM": 69,
                            "GENI INCONTINENCE PRCS": 70,
                            "HEART VALVE PRCS": 71,
                            "HEMODIALYSIS": 72,
                            "HEMORRHOID PRCS": 73,
                            "HIP REPLACEMENT,TOT/PRT": 74,
                            "HYSTERECTOMY; AB/VAG": 75,
                            "ILEO- & OT ENTER-OSTOMY": 76,
                            "INCIS/DRAIN, SKIN/SUBCU": 77,
                            "INCISION & EXCISION CNS": 78,
                            "INCISION OF PLEURA": 79,
                            "INDWELLING CATHETER": 80,
                            "INGUINAL/FEMORAL HERNIA": 81,
                            "INJ/ASP MUSC,TENDONS,ST": 82,
                            "INS CATHETER/SPNL STIM": 83,
                            "IRR XCRANIAL VENT SHUNT": 84,
                            "KIDNEY TRANSPLANT": 85,
                            "LAMINECTOMY; EXC IV DSC": 86,
                            "LAPAROSCOPY": 87,
                            "LIG/OCCL FALLOPIAN TUBE": 88,
                            "LOBECTOMY/PNEUMONECTOMY": 89,
                            "LOC EXC LRG INTEST LESN": 90,
                            "LUMPECTOMY, QUAD BREAST": 91,
                            "MAG RESONANCE IMAGING": 92,
                            "MASTECTOMY": 93,
                            "MASTOIDECTOMY": 94,
                            "MYELOGRAM": 95,
                            "NASOGASTRIC TUBE": 96,
                            "NEPHRECTOMY; PART/TOTAL": 97,
                            "NEPHRO-/NEPHROS-TOMY": 98,
                            "NO PROC": 99,
                            "NONOP RMVL FOREIGN BODY": 100,
                            "NONOP URINARY SYS MEASR": 101,
                            "OOPHORECTOMY; UNI/BILAT": 102,
                            "OPEN PROSTATECTOMY": 103,
                            "OPHTHALM-/OT-OLOGIC DX": 104,
                            "ORAL AND DENTAL SVCS": 105,
                            "OT DX CARDIOVASC PRCS": 106,
                            "OT DX PRC (INTERVW,EVAL": 107,
                            "OT DX PRC SKIN/SUBCUTAN": 108,
                            "OT DX PRCS OF RESP TRCT": 109,
                            "OT DX PRCS ON MUSC/SKEL": 110,
                            "OT DX PRCS URINARY TRCT": 111,
                            "OT DX PRCS; FEMALE ORGN": 112,
                            "OT DX RADIO & RELATED": 113,
                            "OT EXC CERVIX & UTERUS": 114,
                            "OT EXTRAOCULAR MUSC/ORB": 115,
                            "OT FRACTURE/DISLOC PRC": 116,
                            "OT INTRAOCULAR THER PRC": 117,
                            "OT NON-OR GI THER PRCS": 118,
                            "OT NON-OR LW GI THER PR": 119,
                            "OT NON-OR THER CARDIO": 120,
                            "OT NON-OR THER NERV SYS": 121,
                            "OT NON-OR THER PRC MUSC": 122,
                            "OT NON-OR THER PRC NOSE": 123,
                            "OT NON-OR THER PRC RESP": 124,
                            "OT NON-OR THER PRC SKIN": 125,
                            "OT NON-OR THER PRC URIN": 126,
                            "OT NON-OR THER PRC; FEM": 127,
                            "OT NON-OR THER PRCS; M": 128,
                            "OT NON-OR UP GI THER PR": 129,
                            "OT OPER FALLOPIAN TUBES": 130,
                            "OT OPERATIONS ON OVARY": 131,
                            "OT OR GI THER PRCS": 132,
                            "OT OR LOW GI THER PRCS": 133,
                            "OT OR PRCS ON VES HEAD": 134,
                            "OT OR PRCS VES NOT HEAD": 135,
                            "OT OR RX PRCS RESP SYS": 136,
                            "OT OR THER PRC MUSC/SKL": 137,
                            "OT OR THER PRC ON JOINT": 138,
                            "OT OR THER PRC SKN/BRST": 139,
                            "OT OR THER PRC; FEM ORG": 140,
                            "OT OR THER PRCS ON BONE": 141,
                            "OT OR THER PRCS URINARY": 142,
                            "OT OR THER PRCS; MALE": 143,
                            "OT OR UP GI THER PRCS": 144,
                            "OT ORGAN TRANSPLANTATN": 145,
                            "OT PHYS THER/REHAB": 146,
                            "OT PRCS TO ASSIST DELIV": 147,
                            "OT THER ENDOCRINE PRCS": 148,
                            "OT THER OBSTETRICAL PRC": 149,
                            "OT THER PRCS EYELIDS": 150,
                            "OT THER PRCS ON MUSCLES": 151,
                            "OT THER PRCS; HEM/LYMPH": 152,
                            "OT THERAPEUTIC EAR PRCS": 153,
                            "OT VASC CATH; NOT HEART": 154,
                            "OT VASCULAR BYP/SHUNT": 155,
                            "OTHER BOWEL DX PRCS": 156,
                            "OTHER CT SCAN": 157,
                            "OTHER DX NERV SYS PRCS": 158,
                            "OTHER DX ULTRASOUND": 159,
                            "OTHER GI DX PRCS": 160,
                            "OTHER HERNIA REPAIR": 161,
                            "OTHER OR HEART PRCS": 162,
                            "OTHER OR THER NERV SYS": 163,
                            "OTHER OR THER PRCS NOSE": 164,
                            "OTHER RESP THERAPY": 165,
                            "OTHER THERAPEUTIC PRCS": 166,
                            "PARTIAL EXCISION BONE": 167,
                            "PERC TRANSLUM COR ANGIO": 168,
                            "PERIPH VASCULAR BYPASS": 169,
                            "PERITONEAL DIALYSIS": 170,
                            "PHYS THER EXER, MANIPUL": 171,
                            "PRCS ON SPLEEN": 172,
                            "PRCS ON THE URETHRA": 173,
                            "PROCTOSCOPY & AR BIOPSY": 174,
                            "PROPHYLACTIC VAC/INOCUL": 175,
                            "PSYCHO/PSYCHI EVAL/THER": 176,
                            "RADIOISOTOPE BONE SCAN": 177,
                            "RADIOISOTOPE PULM SCAN": 178,
                            "RADIOISOTOPE SCAN/FUNCT": 179,
                            "REPAIR CUR OBS LACERATN": 180,
                            "REPAIR CYST-/RECT-OCELE": 181,
                            "RESP INTUB/MECH VENTIL": 182,
                            "RMVL ECTOPIC PREGNANCY": 183,
                            "ROUTINE CHEST X-RAY": 184,
                            "SKIN GRAFT": 185,
                            "SMALL BOWEL RESECTON": 186,
                            "SPINAL FUSION": 187,
                            "SUTURE SKIN/SUBCUT TISS": 188,
                            "THERAPEUTIC RADIOLOGY": 189,
                            "THYROIDECTOMY;PART/FULL": 190,
                            "TONSIL-/ADENOID-ECTOMY": 191,
                            "TRACHE-/LARYNG-OSCOPY": 192,
                            "TRACHEOSTOMY; TEMP/PERM": 193,
                            "TRACTN, SPLNT, OT WOUND": 194,
                            "TRANS RES PROSTATE-TURP": 195,
                            "TRANSURETHRAL EXCISION": 196,
                            "TRTMNT,FACE FRACT/DISLC": 197,
                            "TRTMNT,FRAC HIP/FEMUR": 198,
                            "TRTMNT,FRAC LOWR EXTREM": 199,
                            "TRTMNT,FRAC RADIUS/ULNA": 200,
                            "TYMPANOPLASTY": 201,
                            "UNGROUPABLE": 202,
                            "UP GASTRO ENDOSC/BIOPSY": 203,
                            "UPPER GI X-RAY": 204,
                            "URETERAL CATHETERIZATN": 205
                        },
                        "APR DRG Description": {
                            "Abdominal pain": 0,
                            "Abortion w/o D&C, aspiration curettage or hysterotomy": 1,
                            "Acute & subacute endocarditis": 2,
                            "Acute anxiety & delirium states": 3,
                            "Acute leukemia": 4,
                            "Acute major eye infections": 5,
                            "Acute myocardial infarction": 6,
                            "Adjustment disorders & neuroses except depressive diagnoses": 7,
                            "Alcohol & drug dependence w rehab or rehab/detox therapy": 8,
                            "Alcohol abuse & dependence": 9,
                            "Alcoholic liver disease": 10,
                            "Allergic reactions": 11,
                            "Amputation of lower limb except toes": 12,
                            "Anal procedures": 13,
                            "Angina pectoris & coronary atherosclerosis": 14,
                            "Appendectomy": 15,
                            "Asthma": 16,
                            "BPD & oth chronic respiratory diseases arising in perinatal period": 17,
                            "Bacterial & tuberculous infections of nervous system": 18,
                            "Behavioral disorders": 19,
                            "Bipolar disorders": 20,
                            "Bone marrow transplant": 21,
                            "Brain contusion/laceration & complicated skull Fx, coma < 1 hr or no coma": 22,
                            "Breast procedures except mastectomy": 23,
                            "Bronchiolitis & RSV pneumonia": 24,
                            "Burns with skin graft except extensive 3rd degree burns": 25,
                            "CHEMOTHERAPY": 26,
                            "CVA & precerebral occlusion w infarct": 27,
                            "Cardiac arrest and shock": 28,
                            "Cardiac arrhythmia & conduction disorders": 29,
                            "Cardiac catheterization for coronary artery disease": 30,
                            "Cardiac catheterization for other non-coronary conditions": 31,
                            "Cardiac defibrillator & heart assist implant": 32,
                            "Cardiac pacemaker & defibrillator device replacement": 33,
                            "Cardiac pacemaker & defibrillator revision except device replacement": 34,
                            "Cardiac structural & valvular disorders": 35,
                            "Cardiac valve procedures w AMI or complex PDX": 36,
                            "Cardiac valve procedures w/o AMI or complex PDX": 37,
                            "Cardiomyopathy": 38,
                            "Cellulitis & other skin infections": 39,
                            "Cervical spinal fusion & other back/neck proc exc disc excis/decomp": 40,
                            "Cesarean delivery": 41,
                            "Chest pain": 42,
                            "Cholecystectomy except laparoscopic": 43,
                            "Chronic obstructive pulmonary disease": 44,
                            "Cleft lip & palate repair": 45,
                            "Coagulation & platelet disorders": 46,
                            "Cocaine abuse & dependence": 47,
                            "Concussion, closed skull Fx nos,uncomplicated intracranial injury, coma < 1 hr or no coma": 48,
                            "Connective tissue disorders": 49,
                            "Contusion, open wound & other trauma to skin & subcutaneous tissue": 50,
                            "Coronary bypass w AMI or complex PDX": 51,
                            "Coronary bypass w/o AMI or complex PDX": 52,
                            "Craniotomy except for trauma": 53,
                            "Craniotomy for multiple significant trauma": 54,
                            "Craniotomy for trauma": 55,
                            "Cystic fibrosis - pulmonary disease": 56,
                            "D&C, aspiration curettage or hysterotomy for obstetric diagnoses": 57,
                            "Degenerative nervous system disorders exc mult sclerosis": 58,
                            "Dental & oral diseases & injuries": 59,
                            "Depression except major depressive disorder": 60,
                            "Diabetes": 61,
                            "Digestive malignancy": 62,
                            "Disorders of gallbladder & biliary tract": 63,
                            "Disorders of pancreas except malignancy": 64,
                            "Disorders of personality & impulse control": 65,
                            "Diverticulitis & diverticulosis": 66,
                            "Dorsal & lumbar fusion proc except for curvature of back": 67,
                            "Dorsal & lumbar fusion proc for curvature of back": 68,
                            "Drug & alcohol abuse or dependence, left against medical advice": 69,
                            "Ear, nose, mouth, throat, cranial/facial malignancies": 70,
                            "Eating disorders": 71,
                            "Ectopic pregnancy procedure": 72,
                            "Electrolyte disorders except hypovolemia related": 73,
                            "Extensive 3rd degree or full thickness burns w/o skin graft": 74,
                            "Extensive abdominal/thoracic procedures for mult significant trauma": 75,
                            "Extensive procedure unrelated to principal diagnosis": 76,
                            "Extracranial vascular procedures": 77,
                            "Eye disorders except major infections": 78,
                            "Eye procedures except orbit": 79,
                            "Facial bone procedures except major cranial/facial bone procedures": 80,
                            "False labor": 81,
                            "Female reproductive system infections": 82,
                            "Female reproductive system malignancy": 83,
                            "Female reproductive system reconstructive procedures": 84,
                            "Fever": 85,
                            "Foot & toe procedures": 86,
                            "Fracture of femur": 87,
                            "Fracture of pelvis or dislocation of hip": 88,
                            "Fractures & dislocations except femur, pelvis & back": 89,
                            "Gastrointestinal vascular insufficiency": 90,
                            "HIV w major HIV related condition": 91,
                            "HIV w multiple major HIV related conditions": 92,
                            "HIV w multiple significant HIV related conditions": 93,
                            "HIV w one signif HIV cond or w/o signif related cond": 94,
                            "Hand & wrist procedures": 95,
                            "Head trauma w coma >1 hr or hemorrhage": 96,
                            "Heart &/or lung transplant": 97,
                            "Heart failure": 98,
                            "Hepatic coma & other major acute liver disorders": 99,
                            "Hernia procedures except inguinal, femoral & umbilical": 100,
                            "Hip and femur fracture repair": 101,
                            "Hip joint replacement": 102,
                            "Hypertension": 103,
                            "Hypovolemia & related electrolyte disorders": 104,
                            "Inborn errors of metabolism": 105,
                            "Infections of upper respiratory tract": 106,
                            "Infectious & parasitic diseases including HIV w O.R. procedure": 107,
                            "Inflammatory bowel disease": 108,
                            "Inguinal, femoral & umbilical hernia procedures": 109,
                            "Interstitial & alveolar lung diseases": 110,
                            "Intervertebral disc excision & decompression": 111,
                            "Intestinal obstruction": 112,
                            "Intracranial hemorrhage": 113,
                            "Kidney & urinary tract infections": 114,
                            "Kidney & urinary tract malignancy": 115,
                            "Kidney & urinary tract procedures for malignancy": 116,
                            "Kidney & urinary tract procedures for nonmalignancy": 117,
                            "Kidney transplant": 118,
                            "Knee & lower leg procedures except foot": 119,
                            "Knee joint replacement": 120,
                            "Laparoscopic cholecystectomy": 121,
                            "Lymphatic & other malignancies & neoplasms of uncertain behavior": 122,
                            "Lymphoma, myeloma & non-acute leukemia": 123,
                            "Major O.R. procedures for lymphatic/hematopoietic/other neoplasms": 124,
                            "Major abdominal vascular procedures": 125,
                            "Major biliary tract procedures": 126,
                            "Major bladder procedures": 127,
                            "Major cardiothoracic repair of heart anomaly": 128,
                            "Major chest & respiratory trauma": 129,
                            "Major cranial/facial bone procedures": 130,
                            "Major depressive disorders & other/unspecified psychoses": 131,
                            "Major esophageal disorders": 132,
                            "Major gastrointestinal & peritoneal infections": 133,
                            "Major hematologic/immunologic diag exc sickle cell crisis & coagul": 134,
                            "Major larynx & trachea procedures": 135,
                            "Major male pelvic procedures": 136,
                            "Major pancreas, liver & shunt procedures": 137,
                            "Major respiratory & chest procedures": 138,
                            "Major respiratory infections & inflammations": 139,
                            "Major skin disorders": 140,
                            "Major small & large bowel procedures": 141,
                            "Major stomach, esophageal & duodenal procedures": 142,
                            "Male reproductive system diagnoses except malignancy": 143,
                            "Malfunction, reaction & complication of GI device or procedure": 144,
                            "Malfunction, reaction, complic of genitourinary device or proc": 145,
                            "Malfunction, reaction, complic of orthopedic device or procedure": 146,
                            "Malfunction,reaction,complication of cardiac/vasc device or procedure": 147,
                            "Malignancy of hepatobiliary system & pancreas": 148,
                            "Malignancy, male reproductive system": 149,
                            "Malignant breast disorders": 150,
                            "Malnutrition, failure to thrive & other nutritional disorders": 151,
                            "Mastectomy procedures": 152,
                            "Menstrual & other female reproductive system disorders": 153,
                            "Mental illness diagnosis w O.R. procedure": 154,
                            "Migraine & other headaches": 155,
                            "Moderately extensive procedure unrelated to principal diagnosis": 156,
                            "Multiple sclerosis & other demyelinating diseases": 157,
                            "Multiple significant trauma w/o O.R. procedure": 158,
                            "Musculoskeletal & other procedures for multiple significant trauma": 159,
                            "Musculoskeletal malignancy & pathol fracture d/t muscskel malig": 160,
                            "Neonatal aftercare": 161,
                            "Neonate birthwt 1500-1999g w congenital/perinatal infection": 162,
                            "Neonate birthwt 500-749g w/o major procedure": 163,
                            "Neonate birthwt 750-999g w/o major procedure": 164,
                            "Neonate birthwt >2499g w congenital/perinatal infection": 165,
                            "Neonate birthwt >2499g w major anomaly": 166,
                            "Neonate birthwt >2499g w other major procedure": 167,
                            "Neonate birthwt >2499g w other significant condition": 168,
                            "Neonate birthwt >2499g, normal newborn or neonate w other problem": 169,
                            "Neonate bwt 1000-1249g w resp dist synd/oth maj resp or maj anom": 170,
                            "Neonate bwt 1250-1499g w or w/o other significant condition": 171,
                            "Neonate bwt 1250-1499g w resp dist synd/oth maj resp or maj anom": 172,
                            "Neonate bwt 1500-1999g w or w/o other significant condition": 173,
                            "Neonate bwt 1500-1999g w resp dist synd/oth maj resp cond": 174,
                            "Neonate bwt 1500-2499g w major procedure": 175,
                            "Neonate bwt 2000-2499g w congenital/perinatal infection": 176,
                            "Neonate bwt 2000-2499g w major anomaly": 177,
                            "Neonate bwt 2000-2499g w other significant condition": 178,
                            "Neonate bwt 2000-2499g w resp dist synd/oth maj resp cond": 179,
                            "Neonate bwt 2000-2499g, normal newborn or neonate w other problem": 180,
                            "Neonate bwt <1500g w major procedure": 181,
                            "Neonate bwt <500g or GA <24 weeks": 182,
                            "Neonate, birthwt >2499g w resp dist synd/oth maj resp cond": 183,
                            "Neonate, transferred < 5 days old, born here": 184,
                            "Nephritis & nephrosis": 185,
                            "Nervous system malignancy": 186,
                            "Non-bacterial infections of nervous system exc viral meningitis": 187,
                            "Nonextensive procedure unrelated to principal diagnosis": 188,
                            "Nonspecific CVA & precerebral occlusion w/o infarct": 189,
                            "Nontraumatic stupor & coma": 190,
                            "O.R. procedure for other complications of treatment": 191,
                            "OTHER VASCULAR PROCEDURES": 192,
                            "Opioid abuse & dependence": 193,
                            "Orbital procedures": 194,
                            "Organic mental health disturbances": 195,
                            "Osteomyelitis, septic arthritis & other musculoskeletal infections": 196,
                            "Other & unspecified gastrointestinal hemorrhage": 197,
                            "Other O.R. proc for obstetric diagnoses except delivery diagnoses": 198,
                            "Other O.R. procedures for lymphatic/hematopoietic/other neoplasms": 199,
                            "Other aftercare & convalescence": 200,
                            "Other anemia & disorders of blood & blood-forming organs": 201,
                            "Other antepartum diagnoses": 202,
                            "Other back & neck disorders, fractures & injuries": 203,
                            "Other bladder procedures": 204,
                            "Other cardiothoracic & thoracic vascular procedures": 205,
                            "Other circulatory system diagnoses": 206,
                            "Other circulatory system procedures": 207,
                            "Other complications of treatment": 208,
                            "Other digestive system & abdominal procedures": 209,
                            "Other digestive system diagnoses": 210,
                            "Other disorders of nervous system": 211,
                            "Other disorders of the liver": 212,
                            "Other drug abuse & dependence": 213,
                            "Other ear, nose, mouth & throat procedures": 214,
                            "Other ear, nose, mouth,throat & cranial/facial diagnoses": 215,
                            "Other endocrine disorders": 216,
                            "Other esophageal disorders": 217,
                            "Other female reproductive system & related procedures": 218,
                            "Other gastroenteritis, nausa & vomiting": 219,
                            "Other hepatobiliary, pancreas & abdominal procedures": 220,
                            "Other infectious & parasitic diseases": 221,
                            "Other injury, poisoning & toxic effect diagnoses": 222,
                            "Other kidney & urinary tract diagnoses, signs & symptoms": 223,
                            "Other kidney, urinary tract & related procedures": 224,
                            "Other major head & neck procedures": 225,
                            "Other male reproductive system & related procedures": 226,
                            "Other mental health disorders": 227,
                            "Other musculoskeletal system & connective tissue diagnoses": 228,
                            "Other musculoskeletal system & connective tissue procedures": 229,
                            "Other nervous system & related procedures": 230,
                            "Other pneumonia": 231,
                            "Other procedures for endocrine, nutritional & metabolic disorders": 232,
                            "Other procedures of blood & blood-forming organs": 233,
                            "Other respiratory & chest procedures": 234,
                            "Other respiratory diagnoses except signs, symptoms & minor diagnoses": 235,
                            "Other significant hip and femur surgery": 236,
                            "Other skin, subcutaneous tissue & breast disorders": 237,
                            "Other skin, subcutaneous tissue & related procedures": 238,
                            "Other small & large bowel procedures": 239,
                            "Other stomach, esophageal & duodenal procedures": 240,
                            "Partial thickness burns without skin graft": 241,
                            "Pelvic evisceration, radical hysterectomy & other radical GYN procs": 242,
                            "Penis procedures": 243,
                            "Peptic ulcer & gastritis": 244,
                            "Percutaneous coronary intervention w AMI": 245,
                            "Percutaneous coronary intervention w/o AMI": 246,
                            "Peripheral & other vascular disorders": 247,
                            "Peripheral, cranial & autonomic nerve disorders": 248,
                            "Peritoneal adhesiolysis": 249,
                            "Perm cardiac pacemaker implant w/o AMI, heart failure or shock": 250,
                            "Permanent cardiac pacemaker implant w AMI, heart failure or shock": 251,
                            "Pituitary & adrenal procedures": 252,
                            "Poisoning of medicinal agents": 253,
                            "Post-op, post-trauma, other device infections w O.R. procedure": 254,
                            "Post-operative, post-traumatic, other device infections": 255,
                            "Postpartum & post abortion diagnoses w/o procedure": 256,
                            "Preterm labor": 257,
                            "Procedure w diag of rehab, aftercare or oth contact w health service": 258,
                            "Procedures for obesity": 259,
                            "Pulmonary embolism": 260,
                            "RENAL FAILURE": 261,
                            "Rehabilitation": 262,
                            "Renal dialysis access device procedure only": 263,
                            "Respiratory Failure": 264,
                            "Respiratory malignancy": 265,
                            "Respiratory signs, symptoms & minor diagnoses": 266,
                            "Respiratory system diagnosis w ventilator support 96+ hours": 267,
                            "Schizophrenia": 268,
                            "Seizure": 269,
                            "Septicemia & disseminated infections": 270,
                            "Shoulder, upper arm & forearm procedures except joint replacement": 271,
                            "Sickle cell anemia crisis": 272,
                            "Signs, symptoms & other factors influencing health status": 273,
                            "Sinus & mastoid procedures": 274,
                            "Skin graft for skin & subcutaneous tissue diagnoses": 275,
                            "Skin graft, except hand, for musculoskeletal & connective tissue diagnoses": 276,
                            "Skin ulcers": 277,
                            "Spinal disorders & injuries": 278,
                            "Spinal procedures": 279,
                            "Splenectomy": 280,
                            "Syncope & collapse": 281,
                            "Tendon, muscle & other soft tissue procedures": 282,
                            "Testes & scrotal procedures": 283,
                            "Thyroid, parathyroid & thyroglossal procedures": 284,
                            "Tonsil & adenoid procedures": 285,
                            "Toxic effects of non-medicinal substances": 286,
                            "Tracheostomy w MV 96+ hours w extensive procedure or ECMO": 287,
                            "Tracheostomy w MV 96+ hours w/o extensive procedure": 288,
                            "Transient ischemia": 289,
                            "Transurethral prostatectomy": 290,
                            "Ungroupable": 291,
                            "Urethral & transurethral procedures": 292,
                            "Urinary stones & acquired upper urinary tract obstruction": 293,
                            "Uterine & adnexa procedures for leiomyoma": 294,
                            "Uterine & adnexa procedures for non-malignancy except leiomyoma": 295,
                            "Uterine & adnexa procedures for non-ovarian & non-adnexal malig": 296,
                            "Uterine & adnexa procedures for ovarian & adnexal malignancy": 297,
                            "Vaginal delivery": 298,
                            "Vaginal delivery w complicating procedures exc sterilization &/or D&C": 299,
                            "Vaginal delivery w sterilization &/or D&C": 300,
                            "Ventricular shunt procedures": 301,
                            "Vertigo & other labyrinth disorders": 302,
                            "Viral illness": 303,
                            "Viral meningitis": 304
                        },
                        "APR MDC Description": {
                            "Alcohol/Drug Use and Alcohol/Drug Induced Organic Mental Disorders": 0,
                            "Burns": 1,
                            "Diseases and Disorders of Blood, Blood Forming Organs and Immunological Disorders": 2,
                            "Diseases and Disorders of the Circulatory System": 3,
                            "Diseases and Disorders of the Digestive System": 4,
                            "Diseases and Disorders of the Eye": 5,
                            "Diseases and Disorders of the Female Reproductive System": 6,
                            "Diseases and Disorders of the Hepatobiliary System and Pancreas": 7,
                            "Diseases and Disorders of the Kidney and Urinary Tract": 8,
                            "Diseases and Disorders of the Male Reproductive System": 9,
                            "Diseases and Disorders of the Musculoskeletal System and Conn Tissue": 10,
                            "Diseases and Disorders of the Nervous System": 11,
                            "Diseases and Disorders of the Respiratory System": 12,
                            "Diseases and Disorders of the Skin, Subcutaneous Tissue and Breast": 13,
                            "Ear, Nose, Mouth, Throat and Craniofacial Diseases and Disorders": 14,
                            "Endocrine, Nutritional and Metabolic Diseases and Disorders": 15,
                            "Human Immunodeficiency Virus Infections": 16,
                            "Infectious and Parasitic Diseases, Systemic or Unspecified Sites": 17,
                            "Lymphatic, Hematopoietic, Other Malignancies, Chemotherapy and Radiotherapy": 18,
                            "Mental Diseases and Disorders": 19,
                            "Multiple Significant Trauma": 20,
                            "Newborns and Other Neonates with Conditions Originating in the Perinatal Period": 21,
                            "Poisonings, Toxic Effects, Other Injuries and Other Complications of Treatment": 22,
                            "Pre-MDC or Ungroupable": 23,
                            "Pregnancy, Childbirth and the Puerperium": 24,
                            "Rehabilitation, Aftercare, Other Factors Influencing Health Status and Other Health Service Contacts": 25
                        },
                        "APR Severity of Illness Description": {
                            "Extreme": 0,
                            "Major": 1,
                            "Minor": 2,
                            "Moderate": 3
                        },
                        "APR Risk of Mortality": {
                            "Extreme": 0,
                            "Major": 1,
                            "Minor": 2,
                            "Moderate": 3
                        },
                        "APR Medical Surgical Description": {
                            "Medical": 0,
                            "Not Applicable": 1,
                            "Surgical": 2
                        },
                        "Payment Typology 1": {
                            "Blue Cross/Blue Shield": 0,
                            "Department of Corrections": 1,
                            "Federal/State/Local/VA": 2,
                            "Managed Care, Unspecified": 3,
                            "Medicaid": 4,
                            "Medicare": 5,
                            "Miscellaneous/Other": 6,
                            "Private Health Insurance": 7,
                            "Self-Pay": 8,
                            "Unknown": 9
                        },
                        "Payment Typology 2": {
                            "Blue Cross/Blue Shield": 0,
                            "Department of Corrections": 1,
                            "Federal/State/Local/VA": 2,
                            "Managed Care, Unspecified": 3,
                            "Medicaid": 4,
                            "Medicare": 5,
                            "Miscellaneous/Other": 6,
                            "Private Health Insurance": 7,
                            "Self-Pay": 8,
                            "Unknown": 9
                        },
                        "Payment Typology 3": {
                            "Blue Cross/Blue Shield": 0,
                            "Federal/State/Local/VA": 1,
                            "Managed Care, Unspecified": 2,
                            "Medicaid": 3,
                            "Medicare": 4,
                            "Miscellaneous/Other": 5,
                            "Private Health Insurance": 6,
                            "Self-Pay": 7,
                            "Unknown": 8
                        },
                        "Abortion Edit Indicator": {
                            "N": 0,
                            "Y": 1
                        },
                        "Emergency Department Indicator": {
                            "N": 0,
                            "Y": 1
                        }
                    },
                    "columns": [
                        "Health Service Area",
                        "Hospital County",
                        "Facility Name",
                        "Age Group",
                        "Zip Code - 3 digits",
                        "Gender",
                        "Race",
                        "Ethnicity",
                        "Length of Stay",
                        "Patient Disposition",
                        "CCS Diagnosis Description",
                        "CCS Procedure Description",
                        "APR DRG Description",
                        "APR MDC Description",
                        "APR Severity of Illness Description",
                        "APR Risk of Mortality",
                        "APR Medical Surgical Description",
                        "Payment Typology 1",
                        "Payment Typology 2",
                        "Payment Typology 3",
                        "Abortion Edit Indicator",
                        "Emergency Department Indicator"
                    ]
                }
            ],
            "categorical_y": {
                "Elective": 0,
                "Emergency": 1,
                "Newborn": 2,
                "Not Available": 3,
                "Trauma": 4,
                "Urgent": 5
            },
            "ml_task": "multiclass_classification",
            "params": {
                "columns_preprocessing": {
                    "Health Service Area": [
                        "na_fill_median",
                        "categorical_to_int"
                    ],
                    "Hospital County": [
                        "na_fill_median",
                        "categorical_to_int"
                    ],
                    "Operating Certificate Number": [
                        "na_fill_median"
                    ],
                    "Facility Id": [
                        "na_fill_median"
                    ],
                    "Facility Name": [
                        "categorical_to_int"
                    ],
                    "Age Group": [
                        "categorical_to_int"
                    ],
                    "Zip Code - 3 digits": [
                        "na_fill_median",
                        "categorical_to_int"
                    ],
                    "Gender": [
                        "categorical_to_int"
                    ],
                    "Race": [
                        "categorical_to_int"
                    ],
                    "Ethnicity": [
                        "categorical_to_int"
                    ],
                    "Length of Stay": [
                        "categorical_to_int"
                    ],
                    "Patient Disposition": [
                        "categorical_to_int"
                    ],
                    "Discharge Year": [
                        "remove_column"
                    ],
                    "CCS Diagnosis Description": [
                        "categorical_to_int"
                    ],
                    "CCS Procedure Description": [
                        "categorical_to_int"
                    ],
                    "APR DRG Description": [
                        "categorical_to_int"
                    ],
                    "APR MDC Description": [
                        "categorical_to_int"
                    ],
                    "APR Severity of Illness Description": [
                        "na_fill_median",
                        "categorical_to_int"
                    ],
                    "APR Risk of Mortality": [
                        "na_fill_median",
                        "categorical_to_int"
                    ],
                    "APR Medical Surgical Description": [
                        "categorical_to_int"
                    ],
                    "Payment Typology 1": [
                        "categorical_to_int"
                    ],
                    "Payment Typology 2": [
                        "na_fill_median",
                        "categorical_to_int"
                    ],
                    "Payment Typology 3": [
                        "na_fill_median",
                        "categorical_to_int"
                    ],
                    "Abortion Edit Indicator": [
                        "categorical_to_int"
                    ],
                    "Emergency Department Indicator": [
                        "categorical_to_int"
                    ]
                },
                "target_preprocessing": [
                    "na_exclude",
                    "categorical_to_int"
                ],
                "ml_task": "multiclass_classification"
            }
        }
    ],
    "learners": [
        {
            "library_version": "1.0.2",
            "algorithm_name": "Decision Tree",
            "algorithm_short_name": "Decision Tree",
            "uid": "e5324aab-4ae6-4084-a500-327d90d1ce3c",
            "params": {
                "model_type": "Decision Tree",
                "ml_task": "multiclass_classification",
                "n_jobs": -1,
                "seed": 1235,
                "criterion": "gini",
                "max_depth": 3,
                "num_class": 6,
                "explain_level": 2
            },
            "name": "learner_fold_0"
        }
    ],
    "params": {
        "additional": {
            "trees_in_step": 1,
            "train_cant_improve_limit": 0,
            "max_steps": 1,
            "max_rows_limit": null,
            "max_cols_limit": null
        },
        "preprocessing": {
            "columns_preprocessing": {
                "Health Service Area": [
                    "na_fill_median",
                    "categorical_to_int"
                ],
                "Hospital County": [
                    "na_fill_median",
                    "categorical_to_int"
                ],
                "Operating Certificate Number": [
                    "na_fill_median"
                ],
                "Facility Id": [
                    "na_fill_median"
                ],
                "Facility Name": [
                    "categorical_to_int"
                ],
                "Age Group": [
                    "categorical_to_int"
                ],
                "Zip Code - 3 digits": [
                    "na_fill_median",
                    "categorical_to_int"
                ],
                "Gender": [
                    "categorical_to_int"
                ],
                "Race": [
                    "categorical_to_int"
                ],
                "Ethnicity": [
                    "categorical_to_int"
                ],
                "Length of Stay": [
                    "categorical_to_int"
                ],
                "Patient Disposition": [
                    "categorical_to_int"
                ],
                "Discharge Year": [
                    "remove_column"
                ],
                "CCS Diagnosis Description": [
                    "categorical_to_int"
                ],
                "CCS Procedure Description": [
                    "categorical_to_int"
                ],
                "APR DRG Description": [
                    "categorical_to_int"
                ],
                "APR MDC Description": [
                    "categorical_to_int"
                ],
                "APR Severity of Illness Description": [
                    "na_fill_median",
                    "categorical_to_int"
                ],
                "APR Risk of Mortality": [
                    "na_fill_median",
                    "categorical_to_int"
                ],
                "APR Medical Surgical Description": [
                    "categorical_to_int"
                ],
                "Payment Typology 1": [
                    "categorical_to_int"
                ],
                "Payment Typology 2": [
                    "na_fill_median",
                    "categorical_to_int"
                ],
                "Payment Typology 3": [
                    "na_fill_median",
                    "categorical_to_int"
                ],
                "Abortion Edit Indicator": [
                    "categorical_to_int"
                ],
                "Emergency Department Indicator": [
                    "categorical_to_int"
                ]
            },
            "target_preprocessing": [
                "na_exclude",
                "categorical_to_int"
            ],
            "ml_task": "multiclass_classification"
        },
        "validation_strategy": {
            "validation_type": "split",
            "train_ratio": 0.75,
            "shuffle": true,
            "stratify": true,
            "X_path": "sparcs_classification/X.data",
            "y_path": "sparcs_classification/y.data",
            "results_path": "sparcs_classification"
        },
        "learner": {
            "model_type": "Decision Tree",
            "ml_task": "multiclass_classification",
            "n_jobs": -1,
            "seed": 1235,
            "criterion": "gini",
            "max_depth": 3,
            "num_class": 6,
            "explain_level": 2
        },
        "automl_random_state": 1234,
        "ml_task": "multiclass_classification",
        "explain_level": 2,
        "name": "2_DecisionTree",
        "status": "initialized",
        "final_loss": null,
        "train_time": null,
        "data_type": "original",
        "max_time_for_learner": 360.0
    },
    "saved": [
        "2_DecisionTree/learner_fold_0.decision_tree"
    ],
    "predictions_fname": "2_DecisionTree/predictions_validation.csv",
    "metric_name": "logloss",
    "final_loss": 0.37617900626652334,
    "train_time": 26.95671057701111,
    "is_stacked": false
}